country_code,Access to electricity (% of population),Bribery incidence (% of firms experiencing at least one bribe payment request),CO2 emissions (metric tons per capita),Current health expenditure (% of GDP),Domestic general government health expenditure (% of GDP),Domestic private health expenditure (% of current health expenditure),Ease of doing business score (0 = lowest performance to 100 = best performance),"Educational attainment, at least completed upper secondary, population 25+, total (%) (cumulative)","Employment to population ratio, 15+, total (%) (modeled ILO estimate)",GDP per capita (current US$),GDP per capita growth (annual %),Gini index,Households and NPISHs Final consumption expenditure per capita (constant 2015 US$),"Labor force participation rate, total (% of total population ages 15-64) (modeled ILO estimate)","Literacy rate, adult female (% of females ages 15 and above)","Literacy rate, adult male (% of males ages 15 and above)","Literacy rate, adult total (% of people ages 15 and above)",Logistics performance index: Overall (1=low to 5=high),Military expenditure (% of GDP),Mobile cellular subscriptions (per 100 people),"Mortality rate, under-5 (per 1,000 live births)","Primary completion rate, total (% of relevant age group)",Proportion of seats held by women in national parliaments (%),Rural population (% of total population),Strength of legal rights index (0=weak to 12=strong),"Suicide mortality rate (per 100,000 population)","Unemployment, total (% of total labor force) (modeled ILO estimate)"
ABW,100.0,,,,,,,,,30841.827649076335,-1.4075718679867126,,,,97.8126831054688,97.8001327514648,97.8074188232422,,,132.6259947,,,,56.499,,,
AFE,43.8678659695972,,0.914914353046635,6.273200225799823,3.0329190451690735,39.948102584572304,53.332704487179505,,66.51256905346419,1521.2167262524433,-0.455255031133092,,1001.401204892061,72.66684051535304,,,,2.49222222222222,1.1214990371857068,70.64744301270512,60.72707902752484,,29.106899258336767,63.869861914971864,4.53846153846154,8.06715703032546,6.853289742495247
AFG,97.33870951334637,,0.16098134817790732,13.53704898,0.9060273333333333,78.37265777333333,44.11112333333333,,42.1103324890137,491.3423728339553,0.6254576550403866,,,50.443333333333335,,,,1.95,1.0810691660255431,59.27762920999999,60.833333333333336,84.76216888427733,27.8688524590164,74.33233333333332,10.0,4.1,11.195333480834968
AFW,51.28003254051026,,0.49143416605545137,3.3751198797760265,0.7447108042288533,65.02260452387422,49.372292575757534,,56.68829816769297,1753.2804477962334,0.41705827478816077,,1326.2644606088234,61.782729321870626,,,,2.41333333333333,0.8872795260654595,94.49728430198597,97.4265727370813,,15.3720057832832,52.960385321800196,5.86363636363636,5.41627295287804,6.05593899425772
AGO,45.5251998901367,,0.7873163577757506,2.5356071,1.05249298,55.26684570333333,41.25960333333333,,71.49500020345053,2293.5135040501705,-4.078021691816629,51.3,1475.4288220321735,77.96333333333334,,,,2.05,1.7197521442790598,45.44259827333334,75.23333333333333,,30.151515151515166,34.044000000000004,1.0,6.066666666666666,7.4210000038147
ALB,100.0,36.1,1.7224118622814233,5.23207188,2.82499456,44.65778351,67.49751666666667,,52.929999033609995,5360.031807721257,3.10803769970236,30.566666666666666,3523.08275531122,69.18,97.7611236572266,98.5136184692383,98.1411514282227,2.66,1.2478134523857467,92.25434301,9.633333333333333,102.72778320312467,28.9578454332553,39.074333333333335,8.0,4.366666666666667,11.746666908264167
AND,100.0,,6.441803420967269,6.7249317133333335,4.638022423333333,31.030377706666666,,,,41196.718216439534,1.7467918347618998,,,,,,,,,111.73243466666668,2.733333333333333,,41.666666666666636,11.99,,,
ARB,89.63688016822266,,4.397284231746213,5.07393977619036,3.0013112666544264,40.8513049911033,55.96276545454543,,41.91377250694807,6587.107129654117,-0.06642065129261733,,3200.4409975673602,50.3690766032567,65.74851481119794,79.70732879638673,73.03252919514976,2.67809523809524,5.60595078111345,98.83936035976875,35.12888855774953,86.15413920084633,18.064617776190598,40.890037677086575,2.8484848484848464,4.191111450169303,10.171547538206134
ARE,100.0,,19.01660154113873,4.231851736666666,2.2032264033333337,47.94195811,81.03135,70.7292251586914,77.3889999389648,43080.736858893266,1.1827575502743863,26.0,16399.579827283233,82.77333333333333,94.4740982055664,96.232307434082,95.526481628418,3.96,,203.25632726666666,6.866666666666667,111.938819885254,40.833333333333336,13.299999999999999,6.0,6.266666666666667,2.2706666787465433
ARG,99.99652608235677,,3.81902418394907,9.562202136666668,5.9323058133333335,37.68943914,58.7023,,54.27299880981443,10649.289956174965,-3.1967951779524633,42.36666666666667,8412.745853037333,69.31666666666666,99.0620422363281,98.9377365112305,99.0038681030273,2.89,0.7192907319951071,127.92578776666666,9.299999999999999,98.60024515787761,39.74182215549903,8.049333333333335,2.0,8.666666666666666,9.633333524068197
ARM,99.96666717529297,,2.0355243114915864,10.891987486666666,1.3489929033333332,86.54746754666667,74.05996333333333,,43.824666341145836,4476.610989301783,6.57220846500736,31.399999999999995,3505.2989259262363,61.56666666666666,,,,2.61,4.552607620022067,121.98550806666667,11.700000000000001,92.05199940999348,21.6883116883117,36.80433333333334,6.0,2.9,18.523332595825167
ASM,,,,,,,,,,11650.776685847566,0.8401448749908841,,8629.692951177123,,,,,,,,,,,12.850999999999999,,,
ATG,100.0,,5.335297682994636,4.578949929999999,2.702359283333333,40.95202382666667,60.14066,,,17144.297005151766,4.619281800324944,,,,,,,,,189.4602442,6.7,96.1988296508789,11.1111111111111,75.463,5.0,0.4000000000000001,
AUS,100.0,,15.323354517644901,9.65885862,6.835200783333334,29.284313836666666,81.04521333333334,78.8072052001953,62.41533406575524,55643.78377094387,0.8150155629475634,34.3,33146.73313380147,78.36333333333333,,,,3.75,1.883369592992483,109.83875726666668,3.7000000000000006,,29.8646063281825,13.913333333333332,11.0,12.466666666666667,5.2066666285196925
AUT,100.0,,7.240344141418017,10.395189923333334,7.57485024,27.132229483333333,78.74364333333334,80.6740493774414,58.534666697184235,50571.79257380933,1.3617895878053836,30.400000000000002,23855.39874429193,76.78333333333335,,,,4.03,0.733225704945478,121.02862056666667,3.6,99.5433349609375,37.7049180327869,41.55766666666667,4.0,14.966666666666667,4.609999815622963
AZE,100.0,12.1,3.45920933640912,3.8775967733333334,1.1639413433333334,69.71788278999999,76.97145333333334,88.42336527506511,63.3716672261556,4783.78304853409,1.2987290434514935,,,72.08,99.7267532348633,99.8682403564453,99.7959823608398,,3.769741546752423,105.96877516666666,20.766666666666666,100.32887522379566,16.804481792717066,44.086000000000006,10.666666666666666,4.066666666666666,4.866666634877523
BDI,11.199321746826167,,0.062209404888218765,8.075532593333334,2.5411914966666664,40.52406438,46.67449,,77.68533325195312,228.586686990045,-1.4016858449044935,,213.367765652312,79.98,,,,2.06,2.2921551584006763,56.61136928333334,57.4,60.591409047444664,36.3636363636364,86.74533333333333,2.0,6.233333333333333,1.5883333285649635
BEL,100.0,,8.129168832453677,10.692266466666666,8.21090094,23.207202910000003,74.90770333333334,71.4462585449219,51.3053321838379,46915.81023988073,1.5012230721190534,27.2,22097.9906043338,68.91666666666667,,,,4.04,0.8922434623387834,99.72699062,4.2,,40.666666666666664,1.9723333333333333,8.0,18.433333333333334,5.556666692097981
BEN,39.968098958333336,,0.6277418692808346,2.427007593333333,0.52429192,52.12464904666666,52.1736,,70.48099772135413,1226.9521033144667,3.941653870850283,37.8,817.8626396216587,71.66333333333333,31.0716495513916,53.9770317077637,42.3624000549316,2.75,0.5262424075319521,85.92943888333333,89.23333333333335,64.4395980834961,7.2289156626506,52.322,6.0,7.833333333333333,1.4700000286102302
BFA,17.049903233846035,,0.2428435472345667,5.279924076666666,2.219080926666667,42.361606599999995,51.35615000000001,6.15245008468628,62.3630002339681,798.910317158956,3.0132596863488126,47.3,473.62485562146964,67.81,31.0440807342529,49.1727294921875,39.3458518981934,2.62,2.4590389215466337,99.44558347333333,88.8,64.85927836100264,12.598425196850366,70.22733333333332,6.0,7.533333333333334,4.69199991226196
BGD,92.06666564941406,,0.5433906384964332,2.49172751,0.45035375333333333,75.66971842333332,44.18777333333333,31.068322499593133,55.7560005187988,2099.9789679154133,6.583082341982194,,1075.14854979784,61.49333333333333,71.69290415445964,77.18407948811847,74.4270426432292,2.58,1.3206043905812768,101.11434136666666,31.266666666666666,,20.5154864237959,62.852666666666664,5.0,3.6666666666666665,4.42966683705648
BGR,100.0,10.0,5.6812493899474035,7.19855086,4.221164063333333,41.35058466666667,71.91844666666667,,53.604000091552734,9735.079279373846,4.324576301343282,40.63333333333333,5091.98911511688,72.80333333333334,,,,3.03,2.5828398183965398,117.11744303333334,6.733333333333333,85.5238571166992,25.138888888888868,24.766000000000002,8.0,9.7,4.556666692097983
BHR,100.0,,20.054470425924567,4.05557744,2.39594571,40.91950226,74.06427000000001,64.9282302856445,71.33366902669273,23730.3538609461,-2.4627501108327734,,8984.087415336764,74.93666666666667,,,,2.93,4.0614678878865655,121.64225976666667,7.033333333333334,99.45216623942031,15.0,10.641666666666666,2.3333333333333335,8.799999999999999,1.19766664505005
BHS,100.0,,7.2813579394012224,5.809849736666667,2.9790736800000004,48.192432403333335,59.71051333333333,,65.37399800618486,33607.3534829268,0.8607404987412507,,20362.825529051,81.42,,,,2.53,,106.4316716,19.266666666666666,,12.820512820512798,16.903666666666666,6.0,3.5,10.0406665802002
BIH,100.0,16.0,6.521672911627184,8.996552786666665,6.2166225100000005,29.725927353333333,65.4192,63.5065383911133,34.894334157307966,6103.29256101527,3.8974331526780435,,4162.269634443346,57.36666666666667,,,,2.81,0.830893652534562,110.55467233333331,5.933333333333334,85.4233627319336,21.4285714285714,51.501000000000005,7.0,10.866666666666667,16.5933329264323
BLR,100.0,4.9,6.163327615321831,5.7498912833333335,4.050180593333334,29.39648755,74.31177333333333,94.7378082275391,61.60000101725263,6678.49937504662,2.1932093007582365,25.266666666666666,3579.933436985783,78.10666666666667,99.8765106201172,99.8709564208984,99.8740005493164,2.57,1.2115328183790568,122.98060173333334,3.1999999999999997,107.380465189616,38.181818181818166,21.105666666666668,3.0,21.733333333333334,4.359999974568687
BLZ,92.38666788736975,,1.64123458269742,5.917670406666667,4.110012606666666,27.72804769,55.41263,,59.71299997965497,4964.6221508189,0.07595806400844167,,3156.420901132117,67.62666666666667,,,,,1.3193359207701365,64.96950678999998,12.5,103.389447530111,9.375,54.18133333333333,4.0,6.8999999999999995,6.6886666615804
BMU,100.0,,,,,,,,,115119.02304163533,0.04386890730282733,,48577.62109217226,,,,,,,107.1897098,,,,0.0,,,
BOL,94.32000223795573,,1.9756419796945668,6.829616706666666,4.8998632466666665,26.949354173333333,51.62439333333334,60.1514701843262,68.41100311279297,3550.9090226306835,1.4483985056565833,41.93333333333334,2279.71312977543,74.15333333333332,,,,2.36,1.4879571439787567,101.2897016,26.666666666666668,92.68269348144533,53.0769230769231,30.343,0.0,6.233333333333333,3.7199999491373696
BRA,99.76666768391927,,2.062492118272853,9.549098013333333,3.9014520633333336,59.01647567999999,58.92021,47.4328689575195,54.95233281453451,8967.833801123646,0.638255801928229,53.63333333333333,5591.6992990982135,70.72333333333334,93.4250717163086,93.0090408325195,93.2275009155273,2.99,1.43672679482226,97.13489713333333,15.0,,15.009746588694,13.261000000000001,2.0,6.933333333333334,12.063333511352567
BRB,100.0,,4.345382636789593,6.387466429999999,2.8624872333333333,54.19680531999999,57.82893333333333,,57.46766662597657,18247.6626389926,-0.8844888996549306,,,77.73,,,,,,114.78897693333333,12.733333333333334,89.64473978678387,20.0,68.84566666666666,6.0,0.6,8.379999796549479
BRN,100.0,,16.613904501696336,2.244506996666667,2.1236259900000003,5.406189603333334,69.92085333333334,,59.868999481201136,31266.800035927037,1.555639696969801,,6502.45092701411,69.07000000000001,96.3012619018555,98.0536193847656,97.214111328125,2.71,2.931298924137883,132.41855413333334,11.333333333333334,102.72491200764932,9.09090909090909,22.162333333333333,12.0,2.8333333333333335,7.513333320617679
BTN,99.991455078125,,1.3812654350505902,3.486001333333333,2.62923312,17.777798336666667,65.97152666666666,,60.971332550048864,3296.40136505358,3.64932077269208,,1803.38438665655,69.93,,,,2.17,,94.79632363666667,28.933333333333337,80.71667480468746,14.893617021276603,58.627,4.0,4.6,2.482666730880737
BWA,69.38291422526044,,3.1790803511550503,6.021801153333333,4.729232313333333,15.280677796666666,66.18869333333333,,46.7033322652181,7332.912513757207,1.321568721843703,,3013.7420743159732,73.05666666666667,,,,,2.766870309663737,158.4293171,46.26666666666667,,10.354090354090374,30.069999999999997,5.0,16.533333333333335,22.43033345540367
CAF,14.480792045593299,,0.05014803078395693,8.833775836666666,0.7758549233333333,54.990627286666665,35.32180666666667,,67.67933400472003,470.7296144831477,1.6667589170520734,,505.1003543777847,72.58666666666666,25.7563800811768,49.514591217041,37.3958206176758,2.15,1.7546996657581566,31.55097415333334,108.09999999999998,,8.57142857142857,58.36533333333333,6.0,12.466666666666669,5.61700010299683
CAN,100.0,,15.503934899222267,10.831776616666666,7.600457193333333,29.83184878,79.65355333333332,,61.859667460123696,46401.994030843,0.7297999972722521,,26386.654291675135,78.85000000000001,,,,3.73,1.2941879779138767,91.10171807666667,5.1,,28.311424488301498,18.541666666666668,9.0,11.866666666666667,5.71666653951009
CEB,100.0,,6.3665671390695096,6.668432286009783,4.936407827229499,25.945669139025966,76.27490181818183,,54.63822135549733,16246.801103733567,4.37510463408174,,8363.26674660447,71.67855735016524,,,,3.21545454545455,1.71831495583897,121.48081594472633,4.9059996470066,93.32383473714192,23.3688107357705,37.596686841354135,7.0,12.797633452669436,3.9596367142730404
CHE,100.0,,4.3733579712571595,11.32097753,3.601395846666667,68.18675995,76.61786666666667,86.32394154866533,65.2416661580404,85685.8146256334,1.048262647726208,33.1,44782.0703939172,84.19666666666666,,,,3.9,0.6770209990056714,126.65859026666668,4.033333333333333,96.31118265787764,38.5,26.168333333333333,6.0,14.5,4.496666590372723
CHI,100.0,,,,,,,,56.082000732421896,,,,,72.64666666666666,,,,,,,,,,69.07466666666666,,,6.466666698455807
CHL,100.0,,4.7555249830672865,9.274650576666668,4.7194771766666666,49.11462656333333,72.49357,,55.32933298746747,15057.086348678202,0.5748353385185387,,8853.033818966986,68.92,,,,3.32,1.8448007668249364,132.9354803,7.066666666666666,97.57871246337892,22.580645161290295,12.383333333333333,4.0,8.933333333333334,7.269999980926517
CHN,100.0,,7.56640193835203,5.289486883333334,2.9685384433333333,43.87450408666666,75.95738,,66.15333302815753,10064.339465003843,5.80077809392527,38.300000000000004,4005.3928123031733,75.92666666666666,95.1593322753906,98.4665374755859,96.8408889770508,3.61,1.731729802742673,119.7034648,8.1,,24.9272272667456,40.077333333333335,3.0,8.1,4.440000057220456
CIV,68.02216847737627,,0.4162444900095097,3.2387233566666667,0.9416968033333334,56.67419561,59.90669666666667,,54.11000061035157,2288.9052487241365,3.770662140467433,37.2,,54.57,86.7412490844727,93.1413497924805,89.8934173583984,3.08,1.2894656355282332,141.84644513333333,81.26666666666667,77.36809031168623,10.849673202614333,48.91433333333333,6.0,8.933333333333332,3.3096667130788133
CMR,63.0599199930827,,0.36971999974243164,3.551965636666667,0.15055814666666667,83.3676885,46.06813333333333,,73.24599965413414,1550.47730353708,0.9819104093774501,,1061.6062625268569,76.92999999999999,71.5862731933594,82.6280364990234,77.0710372924805,2.6,1.0950378855984433,79.53256473,75.56666666666666,65.1555862426758,31.1111111111111,43.23,6.0,8.966666666666667,3.63100004196167
COD,18.922763824462866,,0.03702798131800487,3.4583381,0.5388988866666666,46.805183410000005,35.88419666666667,,63.026332855224574,586.3168943686896,1.5604705993006966,,361.03222798492635,64.10666666666667,,,,2.43,0.6800101801008757,42.976285813333334,84.73333333333333,,9.64769647696477,55.14933333333334,6.0,6.7,4.45100021362305
COG,48.077208201090535,,1.3120504031364935,2.034371136666667,0.7501548533333334,55.771018983333335,39.09800666666666,,53.8673324584961,2448.691469331923,-4.1538208780389025,,787.6273971080454,70.38,74.6187591552734,86.0765075683594,80.2987594604492,2.49,2.66823682557169,93.05072548999999,50.86666666666667,,11.2582781456954,32.77933333333334,6.0,6.5,20.619333267211932
COL,99.33728027343754,,1.6007564511086034,7.6814285899999994,5.514891146666667,28.205533346666666,69.78754333333335,50.6569786071777,61.22599919637043,6522.271632357173,1.5351409246837002,51.0,4407.988957317177,73.10666666666667,95.41899363199873,94.9612045288086,95.19701385498047,2.94,3.1145244796258402,131.08449936666668,13.766666666666666,106.76694997151667,18.518518518518533,19.00466666666667,11.0,3.9333333333333336,9.676666577657064
COM,83.48482004801433,,0.3708633892633937,5.0810155833333335,0.8090580133333334,67.9887441,47.586593333333326,,40.61033503214517,1412.3856125508867,0.14245984136640266,,1204.88147699772,46.53,52.9563903808594,64.6442031860352,58.8170204162598,2.56,,65.04852849999999,64.23333333333333,,6.06060606060606,70.90233333333333,6.0,5.400000000000001,8.081000010172525
CPV,91.07058461507161,,1.1619071912126102,5.046271483333333,3.233871143333334,28.15090434,54.69560333333334,,49.72166697184247,3608.0037157374604,4.0968205939943205,,2200.1160136887697,63.836666666666666,,,,,0.5061448646185454,109.62586529999999,15.200000000000001,95.7568511962891,23.6111111111111,33.95933333333334,1.0,13.066666666666668,12.202666600545234
CRI,99.70666503906254,,1.6463765326733366,7.2811958,5.27802801,27.50866063333333,69.10282333333333,39.6567306518555,54.9106674194336,12669.899970301432,1.4941625400123701,48.13333333333333,8226.162453934185,70.30333333333333,97.924430847168,97.8023529052734,97.8637924194336,2.79,0.0,169.5726025,8.266666666666667,101.35682423909502,45.61403508771931,20.169333333333334,10.0,7.8,10.869999885559105
CSS,98.0433127303693,,5.1282546121582735,6.258421162135233,3.4104109488519367,44.77311891533333,58.13687282051283,,57.0216502519786,10354.544384215298,0.6256271938157357,,,69.05967740121751,,,,2.4575,,113.46654966584366,17.2341116437433,,22.37136465324387,48.686897058562806,5.30769230769231,9.79284715709391,8.248216711734289
CUB,99.70707194010417,,2.30935212879911,11.2892882,10.065451943333334,10.726475076666667,,,55.20133336385089,9025.317122476274,0.670311792412022,,4611.038726515034,64.28000000000002,,,,2.2,2.87620737245072,51.34158616333334,5.233333333333333,85.73190307617189,53.2231404958678,22.915000000000003,,14.433333333333332,1.7233333587646467
CUW,100.0,,,,,,,,,19001.48412491017,-2.02308284154677,,,,,,,,,113.33129383333333,,,,10.886333333333333,,,
CYM,100.0,,,,,,,,,89735.54168053549,2.749221619649223,,,,,,,,,152.429636,,89.5522384643555,,0.0,,,
CYP,100.0,0.2,6.01725505968133,6.929416656666667,3.5800386266666666,47.84632873666666,73.15981666666666,72.9813537597656,58.06499862670896,29248.754557291668,4.046819524310959,31.700000000000003,17982.43359375,74.57666666666667,,,,3.15,1.6664731066730167,139.0113535,2.7999999999999994,102.32256825764932,17.8571428571429,33.19333333333333,7.0,3.8000000000000003,7.50333340962728
CZE,100.0,3.5,9.179213504953795,7.731404146666667,6.331205683333333,18.099796296666668,76.33436,90.6672668457031,59.17833328247067,23580.0110757712,2.7010743276092537,25.2,9465.685264741302,76.83666666666666,,,,3.68,1.1368687271421603,121.41531953333333,3.033333333333333,100.4717890421552,22.333333333333332,26.122,7.0,12.666666666666666,2.0866666634877533
DEU,100.0,,8.119812707360296,11.614962576666665,9.0217797,22.326811473333333,79.58933999999999,83.4613037109375,59.720334370931035,47187.802068876765,0.812806535211067,31.7,22807.864416901564,78.88333333333333,,,,4.2,1.2367035084678333,128.67942576666667,3.733333333333333,99.62630716959627,30.841560883874,22.64533333333333,6.0,12.5,3.2200001080830867
DJI,60.996014912923194,,0.42665001574677497,1.9530260566666666,1.01599018,27.325266520000003,59.79163,,23.659999847412134,3127.923702673097,3.6906933793571732,,1985.31430024577,63.71666666666667,,,,2.63,,42.07235453666667,58.43333333333334,65.8457310994466,26.1538461538462,22.131,7.0,9.633333333333333,26.300999959309866
DMA,100.0,,2.369429457325133,5.798225086666666,3.7793928799999996,33.81002235333333,60.547169999999994,,,8259.312347053987,4.592590071575587,,,,,,,,,108.28889683333334,34.800000000000004,,25.0,29.314999999999998,6.0,,
DNK,100.0,,5.31144019033383,9.99412568,8.343908313333333,16.513381320000004,85.24913333333335,79.2777328491211,59.042331695556605,60381.13302093293,1.6614377824531665,27.866666666666664,26838.83960090923,78.74000000000001,,,,3.99,1.2934373552963032,125.48157053333334,3.766666666666667,101.610262552897,38.547486033519526,12.046,8.0,10.933333333333332,5.05666669209798
DOM,98.96666717529297,,2.48429741390411,5.8637243933333325,2.62134075,54.425538380000006,59.76602333333333,,60.7069994608561,8204.95944575086,4.583781945542547,42.5,5683.990749276,70.64666666666666,,,,2.66,0.6910524394557654,83.58322234,34.53333333333333,93.2452341715495,26.8421052631579,18.423333333333332,1.0,5.000000000000001,6.193333466847733
DZA,99.5659459431966,,3.958470000926983,6.216589293333333,4.058183670000001,34.67892583333333,48.56439666666666,,37.423665364583336,4040.451703777963,-0.926119187158719,,1744.22673171346,46.38333333333333,75.3229675292969,87.4229583740234,81.4078369140625,2.45,5.836638781120744,107.56199336666667,23.46666666666667,102.62440745035799,25.757575757575797,26.997666666666664,2.0,2.5,10.481999715169232
EAP,97.78286570902503,,5.89585514577269,5.019079888304606,2.7799451900852232,44.4663964584806,59.7892676190476,,66.0953925567842,8103.47950803553,5.3909825673585905,,3406.251136087427,74.5192981015293,94.35558064778651,97.57403818766277,95.97756449381511,2.81538461538462,1.62636000822025,124.17623643751567,15.226384647294799,98.17625172932942,20.760594234570565,43.72453278383884,7.0,6.87046127659053,3.860902232766217
EAR,91.87095939144366,,2.2699427198413002,4.768792874578993,2.4365858411299333,47.678569052295494,57.72346497267756,,51.46059856474193,3529.1403492412264,1.53370890741928,,2188.88471069239,58.32920324529994,74.02128092447917,85.19789377848308,79.67870330810547,2.63297872340425,2.3540467992827634,97.16522335895654,34.51125725576046,92.01186370849605,22.895565760751037,54.596077660782804,5.13661202185792,8.474812176888406,5.565647499438974
EAS,97.99627605922596,,6.46712212374722,6.616856429569843,4.382470449890877,33.6879476843591,65.7810694252874,,65.48322182661023,11437.395981244234,3.6483549116547134,,5143.59597485394,74.6267522293814,94.1092046101888,97.31819407145183,95.7244466145833,3.14761904761905,1.5894800672001335,125.97886199690167,14.5,98.28697204589848,20.414445670384833,40.38484320470507,7.24137931034483,7.921632084653477,3.79180162934392
ECA,99.98332422754477,,7.366708780255846,5.30787279118928,3.2372668653207235,38.84155088188323,73.07452035087721,,54.419834475236996,8093.920259083133,2.035630908648127,,4663.682825478327,67.54174243404753,98.54838562011717,99.5761184692383,99.03157043457031,2.68333333333333,3.135912656709374,130.16432371897233,11.52837123046323,99.12501017252605,22.0645521585411,32.243142168563764,7.982456140350877,15.537943174649735,7.203268884350414
ECS,99.99277947791423,,6.631799512719643,9.337728290627199,6.819650028262338,26.959993618882265,75.15187326666667,,54.5198132284252,25042.295534036166,1.6071057561738933,,13424.864715907368,71.26688272140437,97.92209116617839,98.85080210367836,98.36381785074873,3.24042553191489,1.6820873902646933,125.14605025714134,8.033333333333333,98.20007832845049,28.955242107834167,27.655103779985335,6.3933333333333335,13.027451604474066,6.745739984225074
ECU,98.95999654134114,,2.2908190240069968,7.83380111,4.862906140000001,37.81992213,57.6865,,63.875,6246.994656061626,-1.2633094486686292,45.6,3655.3132048070497,70.98333333333333,,,,2.88,2.27316369682682,91.60635010333333,13.566666666666668,102.47622426350934,37.956204379562,36.06900000000001,1.0,7.766666666666666,3.71666661898295
EGY,100.0,,2.4956420909351267,4.809174700000001,1.35183422,70.97256978333333,59.54042333333334,,38.9650001525879,2858.4365839933466,3.3928381659763764,,3016.4450395161402,47.88333333333333,,,,2.82,1.2039699300385167,95.07666725333333,20.366666666666667,103.30126953125034,14.9328859060403,57.27866666666667,5.0,3.0,8.5
EMU,100.0,,6.222026315783329,10.197536854939566,7.578472915704206,25.677902067196,76.0127159649123,,52.86621546377091,39483.577377309564,1.5275303925598067,,19717.214040735937,73.61720651972763,,,,3.53105263157895,1.36054815100347,122.02004215099934,3.746003776052753,96.16670481363936,32.904132213146795,22.848184190900366,4.84210526315789,11.236054590082333,7.74663468068815
ERI,50.52578989664716,,0.24981630958960266,4.348581633333334,0.7380747200000001,45.09563700333334,21.567773333333335,,75.12866465250653,,,,,81.32,68.9461898803711,84.3732376098633,76.5705184936523,2.09,,37.48802228,41.03333333333333,60.2705116271973,22.0,,0.0,11.033333333333333,5.978333314259847
ESP,100.0,,5.22509110384241,9.084874789999999,6.405343053333333,29.495616913333333,77.85723666666667,50.4169883728027,49.53099950154623,29824.520325859867,1.5173413157179334,34.43333333333333,16104.097671358,74.13333333333334,97.9737777709961,98.9253921508789,98.4365005493164,3.83,1.2402711166428702,117.62460493333333,3.2999999999999994,97.80299377441406,42.38095238095237,19.516333333333332,5.0,7.733333333333333,14.483333587646465
EST,100.0,0.0,8.97775315856326,6.7157754899999995,4.979756036666667,25.82942326666667,80.67569666666667,87.6303024291992,60.670000712076806,23286.440109918767,3.7331056043091166,30.633333333333336,10182.829727296737,78.97333333333334,,,,3.31,2.0189011685222433,146.59757743333333,2.333333333333333,97.18607330322261,28.712871287128696,31.006,7.0,15.033333333333333,4.75666650136312
ETH,47.02259445190433,,0.16182234380339236,3.261452996666667,0.7470626233333334,42.32757441333333,47.66945333333333,,78.83200073242186,827.682212241079,5.08755987452614,,622.7067602438053,81.39666666666668,,,,,0.6048317228285304,37.40227963,51.6,67.7402114868164,38.7568555758684,78.929,3.0,5.400000000000001,2.3233333428700766
EUU,100.0,,6.1971312349861,9.899493102354468,7.41714804726407,25.067797753937032,76.152777654321,,53.3862126206728,35310.64414103117,1.8091997692829935,,17595.3100476211,73.38163072053571,,,,3.51925925925926,1.3820083251538768,121.83560727951932,3.972739726838333,96.55720774332683,31.3837515382622,25.336204926685834,5.62962962962963,11.481025517905167,6.88348037151074
FCS,55.582334845065,,0.778516512320583,4.5258922536974335,1.3993966143823868,56.258531038550764,46.6465084210526,,56.451752201715834,1879.4113670866934,0.206645220670424,,1293.3331220365367,62.999558634892736,56.32767613728844,71.12896219889326,63.66491063435873,2.33928571428571,1.73976439560099,74.60785876791383,78.46797624857567,70.77448272705077,19.071480165910867,56.858498849594206,4.815789473684206,6.046586352132299,6.533344904069023
FIN,100.0,,7.60944977074706,9.114350636666666,7.2582008066666654,20.364081703333333,80.13277666666666,77.4507217407227,55.31833267211913,49082.064790131495,1.0754793784662366,27.566666666666666,24414.72665652317,78.03,,,,3.97,1.3525448930989032,129.3191002,2.333333333333333,100.77532450358099,45.333333333333336,14.575333333333333,6.0,15.6,6.9133334159851065
FJI,99.60142262776696,,1.8360207819155232,3.684198776666667,2.4367839533333333,28.26246897333333,61.44657333333333,,54.8456662495931,6223.065009442817,0.2554250400967601,30.7,,60.31666666666666,,,,2.35,1.465267722722863,115.45303093333332,26.666666666666668,108.869766235352,19.6078431372549,43.41733333333334,5.0,9.033333333333333,4.409666697184243
FRA,100.0,,4.50447144696813,11.100258193333334,8.383017543333333,24.48067347,76.79629,72.1873474121094,50.615667978922495,40916.6948221796,1.6088652371985666,32.4,20701.943355981497,71.88333333333333,,,,3.84,1.8453452634028034,109.85912706666666,4.3,,39.65313884074717,19.379333333333335,4.0,13.933333333333332,8.613333384195963
FRO,100.0,,,,,,,,,66626.65713547259,,,,,,,,,,114.30348993333332,,,,57.82866666666666,,,
FSM,80.7521260579427,,1.5574573280895967,11.529262226666665,3.183550673333333,2.84026766,48.10156,,,3605.5963995968596,-0.18988351601063433,,,,,,,,,20.20823266,25.666666666666668,89.18477884928392,0.0,77.22433333333333,10.0,28.2,
GAB,90.4447021484375,,2.4162961690617837,2.760575696666667,1.64926155,39.47355905999999,44.84932666666666,,38.5589993794759,7831.00012527424,0.3296110639124666,,2600.74420043073,54.653333333333336,83.4239730834961,85.8523483276367,84.6671600341797,2.16,1.5701754005168933,137.92954956666665,43.36666666666667,78.4291534423828,17.910447761194,10.382666666666667,6.0,8.466666666666667,20.7443339029948
GBR,100.0,,5.289592384316264,10.070631666666666,8.000093143333332,20.54608535666667,83.55019666666666,,60.75633239746093,43262.6495634423,1.0789490147221867,,31071.035354781136,77.91666666666667,,,,3.99,1.991588284641767,117.98946726666668,4.3,101.26227823893201,32.051282051282065,16.432666666666666,7.0,7.966666666666666,3.826666673024493
GEO,99.96666717529297,1.3,2.667769328967603,6.8093942,2.74718857,59.10517502,83.65568666666667,92.1729507446289,55.7093327840169,4704.781198084546,5.069697521089984,36.06666666666666,3451.3033480823738,69.7,99.4517974853516,99.6811218261719,99.5584411621094,2.44,1.7989872580585666,135.23381006666665,9.566666666666666,93.72132619222005,15.1767337807606,41.09666666666667,9.0,9.266666666666667,11.936666488647433
GHA,82.46666717529297,,0.648395126792188,3.4419453166666667,1.3759395300000001,48.830379486666665,60.118253333333335,,66.11333211263019,2251.3705745406696,4.118325612263224,,1385.1901480641966,69.23,74.4743881225586,83.5245819091797,79.0396423339844,2.57,0.4345108274053617,135.38531166666667,46.96666666666667,93.8091125488281,12.969696969696967,43.50866666666667,6.0,6.599999999999999,4.302666664123534
GIB,100.0,,,,,,,,,,,,,,,,,,,120.76625410000001,,100.218338012695,,0.0,,,
GIN,43.133333841959676,,0.306882758767788,3.868977146666667,0.7985560733333333,68.68374125333334,49.37353333333334,7.38849020004272,60.380001068115234,1020.0958208847502,2.905799034495917,29.6,678.5590001398369,63.01,27.6925601959229,54.4311714172363,39.6176795959473,2.2,1.50902852265343,99.45365930666667,98.8,,22.514619883040904,63.620000000000005,6.0,6.966666666666666,5.007666587829587
GMB,61.499998728434235,9.2,0.2451065929230293,4.177098113333333,1.0512915466666668,25.640150703333333,49.471219999999995,,53.1686668395996,759.2439679788813,3.48280219450921,,600.4662918248999,60.54333333333333,,,,2.4,0.7771884305247273,119.90654373333332,51.833333333333336,77.53175608317056,10.3448275862069,38.28933333333334,6.0,4.8,9.490666707356773
GNB,30.13939030965173,,0.17143865114550635,8.108376980000001,0.5394412866666666,67.86357880000001,43.21892,,66.99233500162764,767.2249597245894,0.9059504116899001,34.8,532.4563296378487,72.89333333333333,,,,2.39,1.5722443865662532,81.52468497333335,80.56666666666666,,13.725490196078402,56.362,6.0,7.066666666666666,6.017999807993571
GNQ,66.55098215738933,,4.26774473369132,3.1105918900000002,0.6494936766666667,77.73228454666666,40.880750000000006,,50.94966634114579,8922.366095700674,-9.039447077730786,,4314.026778089853,63.13333333333333,,,,2.32,1.2325367077460834,45.39025221,82.10000000000001,,20.666666666666668,27.534333333333336,6.0,8.033333333333333,8.660666465759277
GRC,100.0,5.5,5.750132179969469,7.878180186666667,3.8852330866666667,50.55849202666667,68.08593,,42.60400009155273,19341.501994501934,1.8988950862281666,33.03333333333333,13070.520128985467,68.59666666666668,97.3940963745117,98.5070495605469,97.9359512329102,3.2,2.681016809231203,114.1886288,4.2,96.87776438395183,20.000000000000032,20.721999999999998,2.0,5.1,17.969999949137364
GRD,92.84731038411458,,2.92134018589945,4.83565108,1.9908572066666668,58.69264094,53.42143000000001,,,10711.9578572666,1.3934194987560875,,,,,,,,,104.6620167,16.533333333333335,123.00122833252,46.66666666666671,63.645333333333326,6.0,0.5666666666666667,
GRL,100.0,,,,,,,42.499490102132164,,53685.929383682866,1.5655495455513144,,18359.120229412267,,,,,,,108.70931096666668,,,,13.026666666666666,,,
GTM,95.30441538492845,,1.14888006223359,6.1824582433333335,2.326289733333333,61.24144999333333,62.57474333333332,24.0180892944336,59.69533411661783,4585.23151063322,2.0663769093447235,,3638.9733089010265,64.61999999999999,76.7233810424805,85.341178894043,80.810676574707,2.41,0.44075876064614966,118.70769543333334,24.8,79.31701405843097,17.1360759493671,48.68933333333334,9.0,5.933333333333334,2.22000002861023
GUM,100.0,,,,,,,,59.0843340555827,37545.94962837963,0.5322008012099533,,20523.9329477389,70.59666666666666,,,,,,,,,,5.16733333333334,,,5.529666582743331
GUY,91.67663065592446,,3.5355103590761896,4.921966076666666,2.937842213333333,37.46240107,55.52583666666666,,46.62733332316076,6454.94727857851,4.541339795702279,,,58.61333333333334,,,,2.36,1.6005591964755734,99.39113349,29.599999999999998,,31.8840579710145,73.33866666666667,3.0,40.03333333333333,14.001333236694366
HIC,99.98398678225828,,9.923514379577306,12.4247455355147,7.686083335947527,38.163158698484374,74.23175468926553,,57.873891213223665,44706.9945416824,1.5344086390523166,,25115.587952648333,73.74708573878824,,,,3.47903846153846,2.3736379347437433,122.05228296407934,5.0,98.74221547444664,28.6784776542585,18.967364135130765,5.621468926553674,13.396187410884634,4.87250457316295
HKG,100.0,,,,,,85.23902666666667,63.9573402404785,59.002333323160805,48416.56463251903,-0.9259072038714798,,30926.90111956823,72.26666666666667,,,,3.92,,282.33304073333335,,105.986577351888,,0.0,8.0,,2.8933333555857335
HND,91.26666514078777,,1.04849446132052,7.262251849999999,2.8456679166666667,58.06163279,56.16893666666667,27.650820414225297,60.63033294677734,2553.0121483815897,1.3644956442429172,48.43333333333334,1997.1536015288732,70.95666666666666,88.24298350016272,87.87896982828777,88.07336680094399,2.6,1.61829680088662,78.0951718,17.0,,21.09375,42.48133333333334,8.0,2.0666666666666664,5.683333237965904
HPC,44.728239430041775,,0.28522092625337697,4.61918780551512,1.4091473673563069,47.243820133341266,49.270860000000035,,65.77317246904687,992.3234887931957,1.3029814175181467,,702.6690342518292,70.2316126702758,55.34658686319987,69.44094594319664,62.297757466634096,2.41542857142857,1.19643452062269,70.57333609029543,67.12262143478189,68.17064412434901,24.098497189975664,63.676345630716405,5.094017094017097,6.239982574845883,4.6995839020455765
HRV,100.0,10.1,4.04888344460896,6.913846969999999,5.6754476233333335,17.89426549,73.39884666666667,,47.43633270263674,15283.697968066534,3.9791619308913773,29.166666666666668,8104.805408374784,66.85333333333334,,,,3.1,1.6240995770265467,106.28936483333332,4.633333333333334,94.636962890625,19.867549668874165,42.85633333333334,5.0,16.4,7.223333358764646
HTI,45.647604624430336,,0.29510515662819664,4.6769739800000005,0.53319619,48.91221619,39.76960333333333,,56.74933369954426,1368.2956996740068,-1.8102552704571864,,1458.6138792814234,68.84666666666668,,,,2.11,0.0014297422696257134,60.29342323333333,62.833333333333336,,2.54237288135593,44.11266666666666,2.0,9.633333333333333,13.8966665267944
HUN,100.0,4.7,4.7465971395682764,6.41541545,4.39571969,31.492623013333333,73.35710333333334,,54.972999572753935,16632.897440033335,4.898648076628733,29.866666666666664,7504.110749008363,72.35666666666667,,,,3.42,1.20847132529922,105.19612406666666,4.133333333333334,96.68706512451173,12.5628140703518,28.453666666666667,9.0,16.966666666666665,3.516666730244957
IBD,98.13909536584602,,4.448400353287814,5.462121561955183,2.94446304543168,46.01029219376327,64.65224112745096,,56.30246466346327,6445.104640180017,3.4421261658660103,,3261.1928178606336,65.20688866407876,86.07316843668616,92.43098958333333,89.265869140625,2.76864406779661,1.84868279200599,110.96519983205133,22.289884149410568,95.15614318847656,23.355717436238336,44.574821272160364,5.534313725490197,9.271135548620206,5.651181421439653
IBT,88.24543823228106,,3.4489201488310735,5.34969798153045,2.8146276455668264,46.533114294759436,58.242580827423204,,57.020959890154735,5149.528768430747,3.0575067756081267,,2684.9486947150303,65.12447029186073,80.23718770345054,88.37624613444011,84.31301371256514,2.60491228070175,1.8300842522071967,103.796384494799,41.231678418466295,88.50284830729167,22.421315181718068,49.21234795033943,5.609929078014187,8.442516010106303,5.483289267043067
IDA,59.5163017269677,,0.5464625804077977,3.8117983742372004,1.0383707506041966,57.2551978805271,52.271938356164405,,59.63066531184317,1389.163932794463,1.83091259186354,,1020.9866150637234,64.8425318250229,59.34011586507163,73.49436696370446,66.3589884440104,2.42927272727273,1.5695086226116999,82.25877269337354,69.42306048110156,75.68946075439457,21.050294566310935,62.687665346992226,5.680365296803654,6.0343694931029335,4.903114689567654
IDB,66.64327898270189,,0.859509831894734,3.5119824266025534,0.999233044341424,61.659420487916094,56.314575777777804,,53.80338089269063,1846.5866794909068,0.7790351563390686,,1532.71901742855,59.58066193184707,58.01764170328777,75.53811899820964,66.84408569335936,2.45222222222222,1.8951284665994768,84.65425877084947,84.64478929176941,77.63951619466144,18.979996946098634,57.45246787610353,5.488888888888887,6.673341809588024,5.739722850840736
IDN,98.73666636149089,,2.2454639619266197,2.8924833166666666,1.4130035266666667,50.644097646666665,69.11386,34.6013603210449,65.38499704996742,4054.7754217242705,3.910981480563643,37.86666666666667,2199.5084553626966,70.01666666666667,93.9921798706055,97.3313369750977,95.658561706543,3.15,0.7778907590127577,123.85084916666666,24.066666666666666,102.334838867188,18.201345755693602,44.23499999999999,6.0,2.4,3.879999955495197
IDX,55.9056619511094,,0.3878174220352497,4.06743263475797,1.0715732918741734,54.1320122111424,51.22642867816089,,62.58119592502246,1157.5529000962533,2.79468626463396,,764.9859996460917,67.51348905983734,59.68883387247723,72.25389862060547,65.87067159016927,2.42478260869565,1.29544919260574,81.07072265739232,61.520951454661265,74.61994171142577,21.5315463411052,65.34277086892017,5.729885057471264,5.710326326571839,4.534275049562177
IMN,100.0,,,,,,,,,87358.59096564165,0.3123663783495147,,,,,,,,,,,,,47.314,,,
IND,96.77217610677087,,1.8026455790544464,2.9933491500000002,0.9548008666666666,67.27909597,69.86220333333333,,45.54300053914386,2047.5829569925233,3.5796455011755035,35.333333333333336,1160.1646044591232,52.13666666666666,65.7908096313477,82.3667068481445,74.3729934692383,3.18,2.4907211980621935,85.16086023666666,35.03333333333333,91.661491394043,13.530135301352999,65.67533333333334,9.0,12.666666666666666,5.289999961853024
IRL,100.0,,7.409203408268103,6.739600976666666,5.0159250900000005,25.5726579,79.58075666666667,,59.03633499145506,80293.6121569525,4.890515925833537,30.6,22188.372830860597,73.41666666666667,,,,3.51,0.28171765109759,104.85034999999999,3.233333333333333,99.53099060058564,22.1518987341772,36.67333333333333,7.0,9.700000000000001,5.213333129882813
IRN,100.0,,7.66308431828375,7.294666926666667,3.510256926666667,51.67125956333333,58.57743666666667,,38.886333465576165,3691.475400009073,-2.9768361289796132,41.26666666666667,2668.061042653077,47.93,,,,2.85,2.2191282565399,131.0810458,13.566666666666668,100.258232116699,5.88235294117647,24.77333333333333,2.0,5.366666666666667,11.223333040873234
IRQ,99.96133677164717,,4.375410404810297,4.399167696666666,2.1543615666666667,50.519653319999996,44.68789,,36.63400014241537,5934.255921300366,2.2018812627525297,,2579.70728827633,44.63333333333333,,,,2.18,3.2053303884390965,94.81066217,26.400000000000002,,25.2279635258359,29.390333333333334,0.0,3.6333333333333333,12.897333145141635
ISL,100.0,,4.63885266325386,8.5734272,7.094501179999999,17.252265926666663,78.97802666666666,73.8671493530273,72.24566650390624,70784.24283787824,0.8447240144626335,,29737.9329040775,86.80666666666667,,,,3.23,,122.02275426666667,2.033333333333333,100.38572692871104,38.0952380952381,6.159,4.0,11.533333333333333,3.2400000095367467
ISR,100.0,,6.90513261560363,7.484996160000001,4.843030293333334,33.24453481333333,76.11052333333333,,61.18233489990234,43321.982862872166,1.8739831037383168,38.6,21291.1515501279,72.25666666666667,,,,3.31,5.23925010986843,134.10994696666666,3.6333333333333333,102.12713877360034,24.7222222222222,7.526666666666663,6.0,5.333333333333333,3.8666666348775203
ITA,100.0,11.8,5.333167271135753,8.670743623333335,6.407154876666667,26.10603841,72.91467,,44.82499949137366,33989.70685379023,1.4830965742210498,35.2,19342.61021331517,65.78333333333332,99.13990020751957,99.44004058837895,99.28465270996094,3.74,1.3308922361306132,133.3319854,3.0666666666666664,97.64021555582683,35.7142857142857,29.363333333333333,2.0,6.7,10.169999758402493
JAM,99.07412211100262,,2.8750557732594966,6.0542742433333325,3.9486825433333337,33.21770985999999,69.21124666666667,,59.1773338317871,5366.330177388726,0.7565111045419473,,4015.0796890172132,71.06666666666666,,,,2.52,1.5745420757534168,102.0515119,13.866666666666665,77.57655334472656,17.4603174603175,44.11866666666666,9.0,2.3666666666666667,8.160000165303549
JOR,99.96666717529297,2.5,2.45434380132445,7.648576733333333,3.8430669300000004,46.15460841,66.41062333333333,43.7317199707031,32.43100102742513,4373.041764162507,0.41876154277254796,,3345.4203519532566,41.77,97.8320770263672,98.6142120361328,98.2271118164063,2.69,4.63996579374173,80.54356917,15.666666666666666,78.68198394775393,15.3846153846154,8.871666666666668,7.333333333333333,1.6000000000000003,17.296666463216166
JPN,100.0,,8.627880614839219,10.74527931,9.007568356666665,16.1718483,78.01375,,60.41466649373373,40214.37345025253,0.1705067256353344,,19663.280397000533,79.56333333333333,,,,4.03,0.9385186222192701,145.15114913333332,2.533333333333333,,10.1075268817204,8.32933333333334,5.0,15.766666666666666,2.40000009536743
KAZ,100.0,11.6,11.588397186812534,2.797591366666667,1.685267173333333,39.71059672333333,79.05305,97.399787902832,66.72033437093104,9812.605995773452,3.020853153257843,27.8,6095.6167302877975,76.58,99.7389907836914,99.8296813964844,99.7816314697266,2.81,1.000555329331992,139.84696613333332,10.166666666666666,107.71286773681668,27.1028037383178,42.49733333333334,7.333333333333333,18.066666666666666,4.816666762034097
KEN,66.89485549926759,23.9,0.39596312003924866,4.49643167,2.0262307733333333,35.25256601666666,72.47054000000001,,70.53033192952473,1870.9000828475534,2.914697420409573,,1203.8983304806234,74.64333333333333,78.1889266967773,84.9888305664063,81.5349731445313,2.81,1.2005971945836467,101.28608611666668,43.43333333333334,,21.776504297994297,72.652,10.666666666666666,6.066666666666666,4.756333510080977
KGZ,99.9161580403646,31.4,1.6308538390540768,4.666463853333333,2.349021513333333,46.39028549,67.01742333333334,,54.63966623942056,1352.0681249482034,2.1972931733936196,29.03333333333333,1051.5371272841833,62.38333333333333,99.4997177124023,99.6770095825195,99.5859985351563,2.55,1.5628355579655568,135.78518076666668,18.599999999999998,107.24901072184268,19.1666666666667,63.489,9.0,7.6000000000000005,6.907333532969157
KHM,83.0252176920573,,0.9533517278440667,6.720307666666667,1.686785376666667,68.32885996666666,53.828920000000004,,81.09899902343746,1599.4565888082068,5.63766747200523,,1045.76011063493,84.91333333333334,,,,2.58,2.2273250082918232,126.44127386666666,26.96666666666667,90.01807149251302,20.0,76.33399999999999,10.0,4.9,0.14566666881243398
KIR,89.38962300618493,,0.7691428361220499,10.742217060000002,8.532670976666667,2.8311348733333332,46.882479999999994,,,1573.2852312685266,-0.10899407037903315,27.8,1285.31799116199,,,,,,,46.33093396666667,51.73333333333333,,6.521739130434779,45.42433333333333,4.0,28.233333333333334,
KNA,100.0,,4.74371265887817,5.335178216666667,2.5705606133333334,51.84385808333334,54.626929999999994,,,21554.341439637665,3.3065545153158866,,,,,,,,,127.82532713333332,15.533333333333333,,13.3333333333333,69.20866666666667,5.0,,
KOR,100.0,,11.941298859887034,7.957405093333333,4.709974286666667,40.82873789333333,83.98737333333332,,61.104000091552734,32413.918958081736,2.0800251389981805,,15181.263625596534,69.03000000000002,,,,3.61,2.6164305268717167,132.88377376666668,3.1333333333333333,101.95207722981776,16.7777777777778,18.560333333333336,5.0,28.600000000000005,3.773333311080933
KWT,100.0,,22.044681063657364,5.363852976666666,4.6854987166666655,12.626446723333332,65.79006333333334,31.1964302062988,72.72666676839194,32715.1875685908,-1.326261410745363,,12584.030813653202,74.91333333333333,94.905158996582,96.6664581298828,96.0564727783203,2.86,5.35611479885942,173.30800426666664,8.766666666666667,87.00151062011714,4.102564102564107,0.0,1.0,2.8666666666666667,2.1663333574930834
LAC,97.82196860669387,,2.373280676845377,7.87674481464808,3.9787875108702395,49.267134510376074,59.3781431884058,,58.2186099818465,8229.2819446208,-0.054446531716962676,,5445.308540429814,69.83433525642374,93.59999084472656,94.46908060709637,94.02269744873051,2.63588235294118,1.1914597739863932,103.49932744354435,16.6385659323272,98.39398701985677,33.339449928224965,19.7594668176357,5.0,6.291038448530323,8.07343581491247
LAO,98.6604436238607,40.3,2.653663888142837,2.4811168533333334,0.9295594666666666,44.18940735,50.47573,,76.5960006713867,2598.994248569956,4.118483550656397,38.8,,81.36666666666666,,,,2.7,,57.85045715333333,46.300000000000004,94.07556406656903,27.5167785234899,64.56866666666667,6.0,5.466666666666666,0.8436666727066037
LBN,99.88324483235681,21.8,4.06838623708449,8.655956269999999,4.2692834500000005,49.76714579666666,54.36200666666667,,39.09233347574867,7686.237910621174,-5.395586198419657,,6413.706362812084,50.913333333333334,93.3050079345703,96.8546600341797,95.0694427490234,2.72,4.789520889078303,62.710354593333335,7.266666666666667,,4.6875,11.297000000000002,2.0,2.6999999999999997,11.1653334299723
LBR,23.0263779958089,,0.23749216998746933,8.659640950000002,1.4713291366666665,58.27145258666667,43.33267,,74.43033091227217,684.9823322870876,-3.635160037623257,,,77.14666666666666,,,,2.23,1.3312152153188002,39.23138089,81.10000000000001,,12.3287671232877,48.53966666666667,10.0,4.466666666666667,3.02000006039937
LBY,68.09493509928386,,8.413109217284328,,,,32.702666666666666,,38.23766581217447,10639.406563654598,-6.2076061765588095,,,52.79666666666666,,,,2.11,,54.8583745,11.633333333333333,,15.957446808510602,19.703999999999997,0.0,4.933333333333334,19.588333765665702
LCA,99.29391988118486,,2.940702330542564,4.3549272199999995,2.026351296666667,52.63982391666667,63.64354666666666,41.2525405883789,58.278667449951136,11511.958699711502,0.4266322183639953,,,79.45333333333333,,,,,,87.79476141333333,23.833333333333332,98.15077463785808,16.6666666666667,81.27133333333332,5.0,7.933333333333334,16.5733331044515
LCN,97.99677202803774,,2.5734068844296267,7.950799423994123,4.04949705696931,48.79725863825343,59.417372222222205,,57.75087907206114,8767.10686245261,0.09680529259705369,,5725.799268818638,69.47958294665631,93.74704233805339,94.58092498779301,94.15255991617836,2.66434782608696,1.2206499070764532,103.28096130457199,16.76666666666667,98.07457478841151,31.511878413945666,19.211278199963665,5.24242424242424,6.241448636534727,7.912406581791927
LDC,52.68246873480947,,0.34323324971573865,3.8727570271940035,0.9184282098364364,55.06284156444526,48.629564666666674,,63.674932532618264,1096.3091574101666,2.299010292560847,,717.9731153318374,68.68431393830848,58.08850606282554,71.48197937011724,64.66382853190107,2.38769230769231,1.3824453346493835,75.39201505721711,63.37444952225303,72.62666829427087,22.997835349348435,66.07395776574697,5.05925925925926,5.68645242033769,4.55085027278027
LIC,41.16747161034923,,0.294204353588652,4.92774929693581,1.1123373042647833,48.1273415025806,46.631995802469135,,64.03482470317937,713.4533310912424,0.911313147007944,,557.803563154103,68.83291549067944,53.30964914957686,68.52272796630855,60.80427042643226,2.35,1.2905361179899166,58.29077678704217,68.96666666666665,65.8809407552083,21.846442796235035,66.83842743136728,5.098765432098763,6.119008462180367,5.103069292936146
LIE,100.0,,3.86092069665124,,,,64.84683666666668,,,171532.57208492866,,,,,,,,,,125.29166813333332,,98.74934641520201,12.0,85.64,3.0,,
LKA,99.69400278727214,,1.0607580709225433,4.02395741,1.8802378200000003,51.88301340333334,61.79031666666666,62.54788208007813,49.11400095621747,3918.5443275535,1.8680572516447,,2956.676150750957,57.656666666666666,91.31911468505864,92.94521331787105,92.07191467285152,2.6,1.9550734886398697,136.1919657,7.3,99.2629776000977,5.481481481481481,81.45133333333335,2.0,14.066666666666668,4.339999993642173
LMC,88.72222753543633,,1.7640308601990864,3.780524354427353,1.4455263645457634,58.36541136185003,56.96424524691357,,51.922507171163666,2385.990989553063,2.695753862954477,,1507.4078404673235,58.39606822073507,69.0570526123047,82.3590520222982,75.78892262776696,2.56977272727273,1.9922876431923466,98.40989546713053,46.9,90.37600708007812,19.861374905894504,58.127804259404336,5.462962962962966,8.555566716579472,5.093681895988163
LMY,87.90349522474573,,3.4050511116656197,5.294819300861557,2.7573878944948333,47.02594249925354,57.86208669211197,,57.171921391346764,4973.645577240233,3.0463563607199036,,2583.825753715493,65.14311711819387,80.0823771158854,88.29702758789062,84.1977564493815,2.57439252336449,1.8325139492954199,103.30332081972199,41.43894040158033,88.46504720052083,22.904407588803597,49.48270968648553,5.664122137404583,8.45131135611101,5.47955890190937
LSO,45.333473205566406,,0.3569536423742717,11.146726289999998,4.98511823,14.294722876666668,59.18057000000001,,50.22366714477544,1166.4201454337933,0.38704155569004994,,870.2192826800873,69.85333333333334,,,,2.28,1.6778810805445865,77.76461119333332,90.8,,22.9326047358834,71.55900000000001,5.0,73.8,22.564333597819
LTE,99.35174517591463,,6.676370183056126,5.7324243934696995,3.2102238187047405,43.956151383713404,70.95451472222223,,63.6834197093182,9927.051070029149,4.425097456386376,,4416.654288359353,74.38844802413924,95.01570892333989,97.5416437784831,96.27873992919922,2.89372093023256,1.9120276062018469,124.039632763666,10.128931316033507,97.7575251261393,21.803384923301934,37.0005552431387,6.375000000000003,9.179645045351021,5.102521079287353
LTU,100.0,0.2,4.184858201955453,6.84862073,4.477352776666667,34.2655131,81.39920000000001,,58.05699920654293,19445.9060814106,4.897417787787913,35.43333333333333,10560.195673453301,78.00999999999999,,,,3.02,1.9939068448095167,134.28420183333333,3.733333333333333,104.26871236165367,21.2765957446809,32.20366666666667,6.0,26.53333333333333,6.22333351771037
LUX,100.0,,15.3143535620851,5.34246365,4.5708533933333335,13.087917966666666,69.59774333333333,,57.0176658630371,114564.05568401267,0.8694257451308108,34.6,35235.3542315039,71.36333333333333,,,,3.63,0.6206257263056899,134.5601621,2.7999999999999994,81.3608576456706,23.333333333333332,8.857666666666669,3.0,11.066666666666668,5.59000015258789
LVA,100.0,2.0,3.9843533008135132,6.449106696666667,3.8880637466666665,39.48837661666667,80.29360333333334,90.71905771891277,57.20633443196616,17906.238091534065,3.733835703372567,34.699999999999996,9291.002004672688,77.86333333333333,99.9064025878906,99.8683700561523,99.8893127441406,2.81,2.039871826781113,108.22112376666666,4.133333333333334,98.33806864420576,30.333333333333332,31.804666666666662,9.0,19.433333333333334,6.6766665776570635
MAC,100.0,,,,,,,,69.24766540527344,86640.27046001777,-0.9228730857104699,,20247.11652848803,78.15666666666667,,,,,,405.8435222,,102.91633605957001,,0.0,,,1.77666668097178
MAF,100.0,,,,,,,,,,,,,,,,,,,,,,,,,,
MAR,99.0999984741211,16.9,1.9075773747855431,5.316402279999999,2.125589366666667,59.47966130333333,72.81186666666667,,41.2293332417806,3232.3281250000036,1.50846956450066,,1777.0894775390634,48.703333333333326,64.5913772583008,83.3013534545898,73.7500076293945,2.54,3.1061531650503333,126.69251723333333,19.766666666666666,95.956303914388,20.5063291139241,37.18633333333333,2.0,7.2,9.27499993642171
MCO,100.0,,,1.5488408033333334,1.31991279,14.788188296666666,,,,188317.63450270533,5.8031512510092105,,,,,,,,,85.97107565333333,3.1333333333333333,,33.3333333333333,0.0,,,
MDA,99.99666595458984,11.9,3.267530010860533,6.447808743333333,3.7790748266666667,38.19388453333333,73.96909333333333,74.7755406697591,38.65899912516273,4404.946149629076,5.61360961358157,25.900000000000002,2908.6594693330067,46.02,,,,2.46,0.34550706771158635,89.50552343333334,14.866666666666667,102.01374562581366,24.752475247524732,57.306333333333335,8.0,14.6,4.769999980926513
MDG,32.860000610351534,,0.14436390693499868,3.8574802066666667,1.28470246,38.10491307333333,47.49988333333334,9.7143497467041,84.62166341145836,523.616755780358,1.2692941683918846,,333.7419155333707,87.18666666666668,75.0705795288086,78.3782806396484,76.6796798706055,2.39,0.617876716692344,45.66615903666667,52.5,64.00747172037761,16.9977924944812,62.36233333333334,2.0,5.5,1.8523333470026666
MDV,100.0,,4.006671905518357,7.910824460000001,6.188675086666667,19.993560153333334,53.28248666666667,,54.257667541503935,10467.435665954501,3.9006039463271605,29.3,4668.1858998821235,71.92333333333333,,,,2.67,,159.4240419,7.2,92.16915384928387,5.02591841334235,59.90533333333334,2.0,2.766666666666667,5.433000087738037
MEA,96.9149180767556,,5.596279176523507,5.5887650770599935,3.299746171407833,41.50266663741246,60.370206984127,,42.2364139039047,7626.3773203702995,-0.044628373832609,,3802.789356848323,50.441076718313035,72.63312021891277,85.24703470865892,79.2005716959635,2.784,5.20286538487544,109.20458756570501,22.099999999999998,92.20736694335936,16.468884111904732,34.42343495000184,2.9047619047619033,4.347075915469773,9.39133220795232
MEX,99.56666564941406,,3.5431984119331736,5.414938133333334,2.6765597666666667,50.56999969666666,72.33917333333333,35.6546287536621,57.87166595458984,9862.473390075154,-0.49610991396476667,46.7,6631.6737244912365,64.95,94.6080474853516,96.2329025268555,95.3799133300781,3.05,0.508160795868724,95.51317823666666,14.266666666666666,102.39565531412734,48.20000000000001,19.652,10.0,5.333333333333333,3.4133333365122502
MHL,96.99756368001302,,3.06831506073696,16.56166331333333,6.933920700000001,15.557401659999998,50.905139999999996,,,3979.923547382157,4.95084298666215,35.5,2855.3042191956833,,,,,,,27.21504992,31.899999999999995,77.2962493896484,7.070707070707069,22.711666666666662,10.0,,
MIC,93.28218815203665,,3.7630656872449397,5.299481218115243,2.778201878513407,47.012655190381736,60.7775910576923,,56.5567431404992,5463.76637411338,3.2235978781966033,,2820.94288292204,64.79443814330882,82.52456919352217,90.03690083821614,86.29372914632164,2.63927710843373,1.8394543739545801,108.06972534383,35.4033104793459,92.18621826171876,23.197606353830963,47.4848003486867,5.810897435897437,8.719996284102502,5.517606053283417
MKD,99.93333435058594,7.4,3.8364948822631,7.0209833800000006,4.10415125,41.580406190000005,80.71596333333333,,45.1786664326986,6083.172071827493,3.5229064704577566,33.0,3761.011042491693,65.79666666666667,,,,2.7,1.0907656549479439,92.98014443333334,7.233333333333333,93.4167327880859,38.8888888888889,41.87366666666667,9.0,9.4,18.420000076293935
MLI,48.857518513997356,,0.29328779850047,3.8400985433333332,1.2572391833333334,33.31807581333333,53.00636,7.11877012252808,63.940333048502595,884.297059527311,1.6568234468997132,36.1,610.3640664438141,71.37666666666667,25.7351608276367,46.184139251709,35.4737701416016,2.59,2.7446658159982036,116.10919496666666,95.26666666666667,,9.29705215419501,57.123999999999995,6.0,4.1,7.437333265940347
MLT,100.0,2.4,3.261602451581497,8.413230263333332,5.31998364,36.7561938,65.92544,45.2157211303711,58.80966567993159,31314.805268837867,1.98521844059946,30.233333333333334,13362.818505886666,74.00999999999999,95.9887237548828,93.0099716186523,94.5031890869141,2.81,0.520914508280329,142.77254176666665,6.5,106.72763061523467,13.9303482587065,5.344000000000004,2.0,6.066666666666666,3.6333332856496163
MMR,67.64811197916664,,0.6573899467041939,4.7523498533333335,0.7336839066666666,76.12030283666667,45.713100000000004,22.7649192810059,59.783667246500634,1264.1322522066366,5.976248485852647,,,65.16333333333334,86.2686080932617,92.3929290771484,89.0699462890625,2.3,2.1658109283974336,139.03041543333333,45.73333333333333,95.3996124267578,10.931485758275599,69.239,2.0,2.9,0.6233333349227906
MNA,96.38253621561263,,3.8299986606940633,5.915190754280668,2.76886680983597,52.51819946800729,53.74658435897433,,38.14932145580334,3584.4170367220936,-0.21154501458498975,,2438.3779875583864,47.004998222148764,69.73207600911464,82.68978881835939,76.2163848876953,2.51083333333333,2.955831444056533,103.85570986652063,23.895380113712733,91.39002736409508,16.4915794074154,38.2006513430213,3.0256410256410233,4.103083501662456,11.052266525836002
MNE,100.0,21.4,4.1258594263886765,8.334406536666666,5.034537313333334,39.59286371666667,73.78195333333333,,48.32433319091797,8890.052902131081,4.4316727615208595,36.8,6030.276946640234,65.79666666666667,98.2713470458984,99.4504699707031,98.8471832275391,2.75,1.4119229096280532,182.4204235,2.6999999999999997,96.43080139160156,26.748971193415667,32.96233333333333,12.0,21.066666666666666,15.136666615804032
MNG,97.51994069417317,24.7,7.034629430567656,3.7955300766666666,2.1591611700000004,37.92530949666667,67.74065666666667,,56.890333811442105,4322.179543394787,4.477677123889497,32.7,2762.9040529040067,65.43333333333334,,,,2.37,0.7153800832504436,135.73521233333335,16.266666666666666,105.579549153646,17.257309941520433,31.489666666666665,9.0,18.133333333333333,5.41933345794678
MNP,100.0,,,,,,,,,21401.9848775163,-14.370987135747335,,11233.0940055838,,,,,,,,,,,8.322000000000003,,,
MOZ,30.14963340759277,21.1,0.24319930489265132,7.919626553333333,1.7151722866666665,15.77520498,54.85142,,76.1733322143555,505.6454291495157,-0.25346351202288003,,393.6522974562147,78.39333333333333,,,,,1.39177014434531,48.33922406666667,73.8,53.81500752766926,40.66666666666667,63.65200000000001,1.0,13.566666666666668,3.4626667499542236
MRT,45.32406743367513,,0.8611975658676411,3.3952282266666667,1.29349319,50.92007954666667,50.50083333333333,,40.47933451334634,1718.7920368828634,2.486892074895367,,984.8618474470327,46.53333333333333,,,,2.33,2.0246028349592797,103.96206146666668,73.83333333333333,73.95849355061854,20.2614379084967,45.77133333333333,2.0,3.1,10.390333175659201
MUS,99.81628163655598,,3.284407471509,6.088644343333333,2.8035374466666667,53.63108316666666,81.09092333333334,,54.37566630045573,11134.2272575738,3.2204782157348966,,7733.404516563984,66.18,,,,2.73,0.15812280542772497,148.46291176666668,15.799999999999999,99.27288309733088,17.198067632850233,59.225,6.0,9.233333333333333,6.363333225250241
MWI,13.473333358764634,,0.07724495314310934,8.205271086666666,2.4072130499999997,21.9372584,60.7454,,72.85566711425783,576.095875557688,2.3565527417563565,38.5,,77.40333333333334,,,,2.59,1.0317402454002682,44.8560225,41.43333333333334,80.3485870361328,20.833333333333368,82.905,11.0,5.466666666666666,5.753999869028724
MYS,99.9974136352539,,7.86880029664333,3.7995382166666665,1.9723496833333332,48.093663533333334,81.42738333333334,62.6133613586426,62.903999328613274,11415.243763429133,3.185580479183493,,6565.84455279297,68.60666666666667,93.59939829508464,96.18635050455725,94.93222300211595,3.22,1.008903500047525,137.90618456666667,8.533333333333333,100.2260564168294,14.243391373436202,23.583333333333332,7.0,5.6000000000000005,3.273333311080933
NAC,100.0,,14.9251944728623,16.2908567917983,8.438402102982183,48.20548280722527,81.75466166666666,,60.01590841658043,62503.347939848936,1.8844178156475497,,39496.57316784153,73.56837983684271,,,,3.81,3.2307361664103866,105.87255248950466,6.333333333333333,100.13928222656233,25.5851755526658,17.701185846000097,10.0,15.546482357114334,3.964979282349033
NAM,54.78569157918293,,1.7037134360007364,8.436097143333333,3.9471464133333334,48.55381648,61.35099333333333,,47.13166681925457,5214.9945163032135,-2.1140065016533067,,3423.4501248252636,60.46666666666667,91.4364318847656,91.6274185180664,91.5272674560547,,3.108841615386133,113.03003203333333,42.56666666666666,93.5638147989909,43.85683760683761,49.29466666666667,5.0,9.766666666666667,19.952000300089537
NCL,100.0,,,,,,,,54.44699986775717,35319.858720961434,,,,71.19666666666666,,,,,,91.95402299,,,,29.036333333333335,,,14.888999938964835
NER,18.516380945841433,,0.0904506463555374,5.5419039733333335,1.9360002266666665,51.00003179,55.27684666666667,,73.0963338216146,559.6409001577673,2.396693215726587,37.3,367.135237292106,73.42333333333333,26.6499996185303,43.5940589904785,35.0499992370605,2.07,2.59134275857673,51.98896731,81.36666666666667,62.2621383666992,16.9590643274854,83.51366666666667,6.0,5.3,0.5510000189145411
NGA,55.76666768391927,,0.5694314568510827,3.048004863333334,0.48761391666666665,73.04308573333333,55.71883,,50.26633326212566,2162.4986174536734,-0.479743170715674,35.1,1873.8002163077733,56.376666666666665,52.6564788818359,71.2557067871094,62.0160102844238,2.53,0.47509518596394096,90.63046536333331,117.90000000000002,,4.105372978612413,49.114,9.0,3.5,8.50533326466878
NIC,87.74444325764973,,0.7971492463417924,8.464772546666667,5.1276450166666665,35.79213587666667,54.43771,,61.625001271565736,1954.5062733104903,-4.8270362527201165,,1416.7410026738,69.48666666666666,,,,,0.6121648445754974,97.32112665333334,16.833333333333336,,44.927536231884034,41.31933333333333,2.0,4.433333333333334,5.2073332468668605
NLD,100.0,,8.552666420821524,10.097481406666667,6.649723053333333,34.11613591666667,76.10148333333333,71.1049575805664,62.332667032877595,52665.692980630236,1.4482385020955633,28.833333333333332,21146.9473848552,80.73,,,,4.02,1.28751134153514,126.1000839,4.1,,32.888888888888864,8.25266666666667,2.0,11.666666666666666,3.5300000508626304
NOR,100.0,,6.840360874830384,10.355546636666666,8.88324165,14.218792276666667,82.72345666666666,78.7484436035156,61.768999735514335,77902.43836974248,0.1965119127959838,27.666666666666668,33291.139960441,78.03666666666668,,,,3.7,1.8108026381124034,107.31140273333334,2.333333333333333,100.04546864827466,41.02564102564103,17.506666666666664,5.0,11.866666666666667,3.726666688919066
NPL,91.24000040690105,,0.49364159646858496,4.472918033333333,1.0909431733333335,63.15262858333333,62.00909333333333,,80.75433349609376,1189.4801428559765,5.112578753456063,,840.9028545263803,85.59999999999998,59.7244300842285,78.5913391113281,67.9084320068359,2.51,1.43080812762609,136.655125,29.733333333333334,120.447341918945,32.7272727272727,79.98466666666667,10.0,8.933333333333334,3.1289999485015834
NRU,99.97607421875,,5.589100474638894,9.398554803333333,8.00632604,4.80123552,,,,11224.7120805582,1.1653656574919666,,,,,,,,,92.97136482,29.8,116.877639770508,10.5263157894737,0.0,,,
NZL,100.0,,6.754700522600664,9.564233146666668,7.20443169,24.68275642333333,86.84460666666666,,67.71000162760417,42993.636086922335,0.8942973543352367,,24454.053925315966,80.96666666666665,,,,3.88,1.3610501432338633,127.07477126666667,4.933333333333334,,39.999999999999964,13.410666666666666,12.0,11.133333333333333,4.183333396911617
OED,99.93423419249324,,8.609269118105663,12.463563233779901,7.696929961753209,38.26577476286334,77.63274491228071,,57.195005947285004,39421.1387805928,1.3976885115738966,,22728.6454386018,72.43835287988476,,,,3.58105263157895,2.237068619348007,116.61439773838833,6.993588241518119,98.93834940592448,30.492829806722998,19.261405773311534,6.42105263157895,12.014420994340368,5.419732283124827
OMN,100.0,,15.406248214460932,4.082457703333334,3.5461391633333332,13.150789896666666,69.60399,,69.85533396402997,18116.257825373366,-3.39507796605602,,6513.571027997474,71.19333333333333,92.6939926147461,96.9894180297852,95.6515274047852,3.2,8.939446920529313,138.81054646666666,11.1,100.72745259602867,1.9425444596443233,14.858333333333334,1.0,4.833333333333334,1.8320000171661333
OSS,77.84905750760517,,6.108764260352893,4.6684573380011605,3.0548198593108267,32.04269888630013,60.82992615384614,,56.676225283425396,13989.172676159067,0.21149482821305798,,5219.18414702117,69.27749116290641,82.41543579101561,87.68822733561198,85.2661056518555,2.70105263157895,,116.57209309381301,48.70398056894617,85.36749521891277,20.32981646147577,37.562449647834136,4.589743589743587,13.667510948249799,9.833722608201862
PAK,73.6794967651367,,0.880839442144071,3.320666393333333,1.1020407666666665,61.83864466,59.12203333333334,10.695379892985045,49.066666920979834,1547.2236261823334,1.6266167257038697,29.6,1283.4660005750331,54.47666666666667,46.12615966796877,69.28383382161456,57.669429779052734,2.42,4.115588026915137,75.10361130333335,68.03333333333335,72.30740102132164,20.2346041055718,63.17333333333334,2.0,8.9,3.7213333447774235
PAN,95.52039337158203,,2.8971377685265267,7.482724666666667,4.907608823333333,34.33712387333333,66.66295666666667,54.3121910095215,62.11500040690106,15697.836326876599,1.5100586333259336,49.6,7634.398433391147,71.89666666666666,95.19982655843098,96.08357747395833,95.62798817952478,3.28,0.0,137.12694246666663,15.0,,20.187793427230066,32.05766666666667,8.0,2.9,4.428333202997844
PER,95.43423970540368,,1.7325646129700398,5.209238373333332,3.2520091533333333,37.37648137666667,68.55491666666666,58.0391807556152,74.65866851806639,7001.550771611393,1.1337423321241686,41.86666666666667,4330.4010862265795,80.94333333333334,91.7031097412109,97.1213684082031,94.4082717895508,2.69,1.18684424134544,125.6322227,13.466666666666669,97.83713277180986,29.230769230769237,21.965,7.0,2.7999999999999994,3.416666746139527
PHL,95.24614206949873,,1.3297793219371665,4.035784006666667,1.6154925799999997,59.602166489999995,62.177533333333336,30.4557399749756,57.93933359781903,3407.597320636293,4.7426872076231,42.3,2574.389909062407,62.123333333333335,96.8524322509766,95.7057266235352,96.2781677246094,2.9,0.886703638993871,145.24226393333333,27.366666666666664,108.98247019449866,28.4577024753665,52.93166666666667,1.0,2.2,2.2733333110809304
PLW,100.0,,13.911379206096333,13.71662076,6.670396966666666,31.95588684333333,53.68738666666667,,,15453.411354751666,-1.8165203129092837,,,,,,,,,133.2741004,17.599999999999998,,12.5,19.71,10.0,,
PNG,58.35111236572266,,0.8686129469262373,2.2890084600000002,1.4138020266666667,9.861034389999999,59.63923,,46.55033365885413,2813.9947293403366,0.8962819905767634,,,48.47666666666667,,,,2.17,0.36692642260110236,51.10400911333334,45.79999999999999,,0.0,86.777,9.0,2.966666666666667,2.48733321825663
POL,100.0,2.8,7.92029979994462,6.40709734,4.56740856,28.658321383333334,76.56520333333333,,54.29499944051107,15644.2961605871,4.964997695598797,30.2,8603.44884043422,70.70333333333333,,,,3.54,2.00035494234323,127.59471066666667,4.433333333333334,94.79293060302734,28.4782608695652,39.955999999999996,7.0,11.766666666666666,3.4699999491373705
PRE,47.421443578421794,,0.5137930750589157,3.93748646957729,1.14264631602572,55.185252265117136,47.6744308108108,,59.90869427023549,1462.72572007845,0.19224989785800037,,1017.9676573627399,65.1027171206966,54.741639455159465,70.1535313924154,62.3732770284017,2.38818181818182,1.4175150359263666,75.9443261299623,79.89158512466963,68.4873860677083,22.022758166582168,58.40673043858643,5.1981981981982,5.588601640401209,6.17287592302144
PRI,100.0,,,,,,70.05266333333333,,36.99566650390623,32435.266246392068,0.9202169536391901,,18982.655920112302,50.29,,,,,,113.15485573333332,,,,6.42333333333334,12.0,,8.600000063578287
PRK,49.191651662190736,,2.11485370447437,,,,,,80.2906672159831,,,,,86.31,,,,,,16.57045633,17.599999999999998,,17.176128093158667,37.94433333333333,,9.366666666666667,2.6026666959126765
PRT,100.0,0.3,4.4976407937905,9.49185594,5.7891101833333325,38.93912252,76.45858666666668,39.4803721110026,55.28066635131836,23408.063033561033,2.77696930544386,33.03333333333333,13952.6465964839,75.64333333333333,95.0725173950195,97.3536224365234,96.1375885009766,3.64,1.8225030847799502,116.1865224,3.466666666666667,99.94019063313783,37.391304347826065,34.42033333333333,2.0,11.566666666666668,6.636666615804033
PRY,99.66666412353516,,1.18283074908143,7.021333376666665,3.2055702999999998,54.33240763333333,58.85306,41.28567504882813,67.5460027058919,5516.644464276127,-0.4748366055129567,45.800000000000004,3773.624099651244,75.95,92.94746398925783,94.02927398681636,93.48262023925781,2.78,0.964605449550005,109.10483713333333,19.733333333333334,,15.0,38.219,1.0,6.0,6.4666666984558105
PSE,100.0,7.9,,,,,59.87451333333333,42.6016883850098,32.71466573079423,3625.3491618142602,-1.2026805075519966,,3000.0365811551897,46.053333333333335,95.85722096761071,98.75555419921874,97.32504272460933,,,87.54217460333332,17.166666666666668,96.4991658528646,,23.652,8.0,,25.646666844685868
PSS,85.53486961101468,,1.3805852485459067,5.151815047578154,3.2014479255225434,17.11207721991133,55.6397225925926,,63.4462673144385,4294.577412194602,0.024272266425013306,,,67.15911755928317,89.1703109741211,93.2814178466797,91.2938079833984,2.46,,84.83229803735763,24.2906163305426,97.01407114664714,7.781765593319687,61.0937018779562,8.77777777777778,13.6922719889006,2.8672187495785497
PST,99.9970122946789,,9.639236352759243,12.889782021642466,7.9481742639278,38.366839108008804,76.45540268518523,,57.54437775174083,45623.251123656635,1.578652078421067,,26110.266018119903,74.18883075746739,,,,3.58171428571429,2.2757598736740996,120.07363023535532,4.844411155012277,98.91026814778651,31.457588851597333,18.589160624358332,5.972222222222219,14.486630397194167,5.065046613707427
PYF,100.0,,,,,,,,49.3043327331543,21706.434685794535,1.9915354206329867,,,60.306666666666665,,,,,,112.2412592,,,,38.124,,,12.279999732971168
QAT,100.0,,32.005490275005634,2.81546919,2.0383517733333334,27.628108339999997,68.01274333333333,,88.17433420817058,63361.29890095423,-0.9581081520964654,,,87.61333333333334,,,,3.47,,139.5046334,6.266666666666666,95.2758255004883,9.75609756097561,0.8296666666666637,1.0,5.8,0.103333334128062
ROU,100.0,5.4,3.83197350786661,5.683154743333333,4.546145596666666,20.010676066666665,73.05977333333333,69.1821594238281,52.881333669026695,12732.558067115335,4.85576228229042,35.13333333333333,7465.520411074486,68.47666666666667,98.5997695922852,99.1080093383789,98.8444976806641,3.12,1.8300885038411734,116.72828136666668,7.2,85.2667439778646,21.479229989868298,45.94466666666667,9.0,9.866666666666665,4.00333340962728
RUS,100.0,26.8,11.696992371940368,5.5507302266666665,3.3641146,39.41319529333333,77.90870666666667,,59.544333140055336,11453.287434895834,2.4344943801788497,37.63333333333333,5283.509602864583,74.11666666666666,99.7341079711914,99.7251586914063,99.7300567626953,2.76,3.78558337400209,162.06885806666665,5.966666666666666,104.13830566406267,15.7777777777778,25.464333333333332,9.0,25.76666666666667,4.616666634877523
RWA,39.2351214090983,4.1,0.10517399933048334,6.500981013333334,2.4889366633333334,26.034868239999998,76.11331666666666,9.85904026031494,82.52933502197264,808.0557562267546,6.344385193040776,,656.7852576127462,84.11333333333333,69.3945388793945,77.5587997436523,73.2155914306641,2.97,1.24367689584889,77.27906076000001,42.4,93.78233591715497,61.25,82.721,11.0,5.599999999999999,1.1023333470026635
SAS,93.60009885124187,,1.5196993381905468,3.075933852413897,0.9531390525062511,66.88664036270666,57.54206958333333,,47.36677297750873,1973.0477718511531,3.5074865039868564,,1169.8696524799334,53.798947305484496,64.33651333333333,80.63876,72.71559333333333,2.51,2.50049117471081,86.2832293754937,40.93333333333333,90.16258333333333,18.339749861292898,65.71461777455598,5.5,11.1993942928233,5.053274611406157
SAU,100.0,,15.345182739900267,5.708344136666667,3.9702587166666667,30.450785956666664,68.53037,,54.487332661946596,23709.987695824904,-0.6537007435001537,,8497.57287773628,57.800000000000004,,,,3.01,8.364856905415797,121.20093346666665,7.433333333333334,96.3878962198893,19.8675496688742,16.008666666666667,2.3333333333333335,6.033333333333334,5.79533322652181
SDN,53.45736058553063,,0.487426105787006,4.527889093333333,1.0169265433333334,70.60445658666667,45.89226,,40.43699900309247,761.388346354167,-4.6537020623972225,,915.5940144856773,49.73,56.0632286071777,65.4351501464844,60.6971817016602,2.43,1.6908998654427234,75.41066283333333,58.96666666666667,64.0855026245117,30.5164319248826,65.16199999999999,3.6666666666666665,3.8333333333333335,17.6293328603109
SEN,68.93333435058594,,0.6484848371182264,4.167598723333334,1.0097373566666665,56.601203919999996,57.64327333333333,,43.9753341674805,1443.2474389338468,2.28244118004799,38.1,948.157095370639,47.13666666666668,,,,2.25,1.5617328861413302,107.96446099999999,40.36666666666667,61.2020111083984,41.8181818181818,52.50066666666667,6.0,6.033333333333334,2.9983332951863635
SGP,100.0,,8.34012931660013,4.0827535,2.0469762466666666,49.8628095,86.07989333333335,74.16350809733073,68.40766652425133,66173.90573551114,1.0221451284937386,,22774.363097640336,77.28666666666668,96.06297556559247,98.88597869873047,97.43467458089192,4.0,2.8553981581515706,153.37212526666667,2.4333333333333336,98.6925760904948,23.0,0.0,8.0,10.6,3.280999898910524
SLB,68.5995330810547,,0.542112464530649,4.514454363333333,3.4160535333333333,3.4881490866666667,55.243046666666665,,85.28533426920573,2366.665285547473,-0.48446672051629003,,,85.33333333333333,,,,2.57,,72.19756259666666,20.233333333333334,86.05802154541011,3.4013605442176833,75.94366666666667,10.0,14.799999999999999,0.7446666558583573
SLE,23.833333969116236,,0.11426508616209467,8.596468926666667,1.07310706,57.961194353333326,47.38643333333332,,53.96833419799804,525.8337355701553,2.464219236009314,35.7,592.8161902040733,58.833333333333336,34.8520317077637,51.6468811035156,43.2063293457031,2.08,0.7406426493802766,85.11315230333334,113.33333333333333,82.7352956136068,12.3287671232877,57.659,5.0,6.666666666666667,4.652666727701823
SLV,97.24000040690107,,1.1592998914646202,7.14154641,4.542240623333334,35.90098445,65.14204000000001,33.5802917480469,56.3006680806478,4129.362217636227,1.8786950473725135,38.733333333333334,3320.333523418673,63.050000000000004,87.2904383341471,91.23824564615887,89.09481048583984,2.58,1.1585610013614167,156.37519226666666,13.466666666666669,,30.952380952381002,27.495,9.0,6.066666666666666,4.116666793823247
SMR,100.0,,,6.564819653333333,5.41515859,17.525929129999998,64.18028333333332,53.9379501342773,,48150.2875918642,1.6011909777561932,,16231.766015887266,,,,,,,114.2798454,1.8333333333333333,97.88104502360017,25.555555555555568,2.67933333333334,1.0,,
SOM,49.721659342447936,,0.04444576913527157,,,,20.040206666666666,,27.63433265686037,409.54033695204663,4.916892601596923,,,49.373333333333335,,,,2.21,,52.513204456666664,119.53333333333335,,24.3636363636364,54.64033333333333,0.0,7.933333333333334,18.835332870483366
SRB,99.86666870117188,6.9,6.6128373077879,8.625269253333334,5.061883130000001,39.98708979,75.07677000000001,73.6363830566406,48.48699951171873,7362.269718261313,4.951261130854346,34.666666666666664,4511.553938061973,67.53333333333333,99.115608215332,99.8758087158203,99.4825286865234,2.84,2.0157163223578567,121.7234355,5.733333333333333,98.68605550130208,36.567881241565466,43.796,6.0,11.366666666666667,11.170000076293967
SSA,46.8553578419322,,0.7434781743441533,4.993391470189273,2.020805415275517,47.743134238595594,51.30220007092197,,62.619032899490264,1613.5246292842596,-0.06421407280089429,,1131.2706452188431,68.340482104896,58.63550059000654,72.09979756673177,65.27831522623701,2.44974358974359,1.01764689261525,80.48969638941723,76.3608783006677,69.74320983886717,24.08762190300473,59.46724435320647,5.21276595744681,6.996916162287394,6.568786842747791
SSD,6.529061158498126,,0.14952451349281934,6.11998145,0.8850112333333334,28.000964483333334,34.295856666666666,,64.66000366210936,,,,,73.82666666666667,28.8642597198486,40.2648086547852,34.5227584838867,,3.5887541184851828,19.210422583333333,97.90000000000002,,28.4595300261097,80.19566666666667,2.0,3.8666666666666667,12.2296667098999
SSF,46.86007234890156,,0.7439588880300017,4.99360313992333,2.0225055731095964,47.72329605530663,51.517515694444434,,62.619032899490264,1614.9016535134367,-0.0636018110457284,,1131.94419726762,68.34048210489607,58.69141642252607,72.13787587483728,65.32540130615233,2.44974358974359,1.01796260696906,80.50019847183903,76.39999999999999,69.74484761555989,24.07683734869923,59.46578567020186,5.14583333333333,6.997016981888277,6.568786842747791
SST,81.9499142306018,,5.6466912988498095,4.9109141546082,3.1097132232657,34.0742280249591,59.12739437500003,,57.072299221601234,12748.450320177666,0.3281615617309987,,5143.641779216369,69.13249004635993,85.08998107910152,88.39331563313802,86.83410898844399,2.6428,,114.11435466172999,42.951202259133105,87.21992746988933,18.876403891984868,40.987612959951896,5.569444444444446,12.978448723595967,9.183836366317875
STP,73.64480082194014,,0.686147980950996,5.63440752,2.6772509433333336,18.85357666333333,44.971450000000004,,46.7610003153483,1976.2242202346533,0.5414981626721739,,,59.99,89.5157318115234,96.1626815795898,92.8166427612305,2.65,,77.07075067666666,17.366666666666667,,14.545454545454499,26.667,0.0,1.5,14.116333325703968
SUR,97.68361155192058,12.7,4.317799929617956,9.123799166666666,6.429264066666666,28.94907761,47.45334333333333,,51.66999944051107,6881.8246010109,1.4252872941024979,,,56.84666666666667,92.7120590209961,96.0740432739258,94.3832702636719,,,136.85942593333334,18.3,85.6254323323568,29.411764705882334,33.916666666666664,2.0,25.433333333333334,8.002000013987226
SVK,100.0,2.4,5.818489328253,6.874111973333332,5.426812806666667,21.050795233333332,75.53861333333333,87.7261072794596,56.1319999694824,19332.3578252405,2.8613216942181467,23.8,10101.579229427116,72.63333333333334,,,,3.03,1.55239744753232,134.66512873333332,5.833333333333333,94.21054840087886,20.0,46.272,7.0,12.133333333333333,6.013333320617677
SVN,100.0,1.8,6.602919211489113,8.442377729999999,6.11084318,27.61678886333333,76.48307333333334,82.9429702758789,55.59233347574874,26000.9219680555,3.03758972946788,24.46666666666667,12713.2679057758,75.13333333333333,,,,3.31,1.0309794579733211,120.1223575,2.3,98.16921742757161,26.666666666666668,45.27166666666667,3.0,19.133333333333336,4.669999917348227
SWE,100.0,,3.449689193406073,10.892016096666666,9.242002486666665,15.148687996666666,82.00052666666666,77.2551116943359,60.11766560872397,52822.63995837293,0.8959002539465356,29.53333333333333,24387.1513909012,83.07666666666667,,,,4.05,1.0767107597191634,127.86804986666668,2.7000000000000006,104.76540374755866,46.89589302769817,12.384333333333332,7.0,14.766666666666666,6.6733333269754995
SWZ,75.88488515218097,,0.824381095204764,6.939584413333333,3.4643999733333337,22.79104805333333,59.235076666666664,,39.3066660563151,3962.2656275342433,1.4778697071731768,,2451.1255155498666,54.64000000000001,88.5426864624023,88.2875823974609,88.4193801879883,,1.9360192213871834,102.4274255,49.4,90.55924224853516,7.2463768115942,76.07966666666667,4.0,29.099999999999998,22.821999867757167
SXM,100.0,,,,,,,,,28988.2592085877,-7.33312894472255,,,,,,,,,,,,,0.0,,,
SYC,100.0,,6.163629228250794,5.216583406666667,3.8134942833333336,26.773691813333333,61.637350000000005,,,17138.2364939272,2.190378442058127,32.1,,,96.3501968383789,95.4117584228516,95.8677062988281,,1.3502562837522767,193.53415256666668,14.366666666666667,99.8177083333332,21.2121212121212,43.023666666666664,2.0,8.133333333333333,
SYR,88.17947387695312,,1.5428929843708001,,,,41.80355333333333,,40.257667541503935,1265.60619039693,2.37767882977195,,550.3351271900216,46.77666666666667,,,,2.3,,109.41394573333334,22.599999999999998,,13.199999999999998,45.398666666666664,1.0,1.9666666666666668,8.766999880472818
TCA,100.0,,,,,,,,,30751.6233181459,3.9362101507536664,,,,,,,,,,,129.401412963867,,6.727333333333333,,,
TCD,8.971346537272145,27.4,0.14122682435528933,4.291402499999999,0.7351382566666667,64.11858622,36.844003333333326,,59.187667846679666,715.0770311459364,-0.08519729846930098,37.5,494.58220437040967,70.76666666666667,,,,2.42,2.2379248395387763,47.084466926666664,114.76666666666667,40.5602188110352,15.0053806833468,76.79433333333334,6.0,6.466666666666666,1.1253333489100168
TEA,98.38328819701216,,5.942635890646536,5.0191108354652165,2.7799821156845166,44.465887498987534,59.7892676190476,,65.91921639481485,8193.233262688538,5.38930647542439,,3443.8890777473935,74.37179991997867,94.2835159301758,97.5455144246419,95.92826843261717,2.81538461538462,1.62636000822025,125.06842622514365,15.196652170190502,98.18682352701825,21.121513417343266,43.79655438884237,7.0,6.839616474398326,3.8796746307901633
TEC,99.98555490120474,,7.233063116071549,5.513488651345536,3.544932768221633,35.5700948427805,73.24725954545454,,54.27265723751416,8976.106180904486,2.5592117702261366,,5140.817897582209,67.83769886630843,98.53202819824219,99.5291875203451,99.00227101643884,2.7647619047619,2.8661059761853664,129.1686224399913,10.955414421193666,98.82434336344404,22.611265036127936,33.55635645793166,7.848484848484847,14.993099668774866,6.747893000657702
TGO,51.575406392415324,,0.29309055271403467,5.84653854,0.9153565566666666,75.12005360666666,59.94918666666667,,55.76466623942059,896.075975047429,2.77203513774772,42.4,418.79500350472836,58.53666666666667,55.0514984130859,79.9916915893555,66.5370788574219,2.45,2.7519221951476,77.42537191999999,67.26666666666667,88.17343139648439,16.849816849816865,57.934000000000005,6.0,8.766666666666667,3.7223334312438965
THA,99.87333424886067,,3.7915174597551364,3.798912206666666,2.7071235166666674,28.611441293333332,79.90058333333333,34.6078770955404,66.74466451009117,7642.5720029194445,2.539847334997343,35.4,3372.06460081491,74.35000000000001,92.4285583496094,95.202392578125,93.7677612304688,3.41,1.3543298899948635,184.16659563333337,9.133333333333333,94.0810750325521,12.561517615176152,49.55566666666667,7.0,8.8,0.7366666793823241
TJK,99.52214050292964,11.1,0.9916649331400477,7.1500226666666675,1.9465399966666668,70.44790649666668,59.30746666666666,,38.123334248860665,878.102559370929,4.9062620736121865,,,41.693333333333335,,,,2.34,1.0529871909140665,115.2661549,33.63333333333333,,19.047619047619,72.74933333333334,7.666666666666667,4.266666666666667,7.04466660817464
TKM,99.93333435058594,,12.3373210360228,6.581366376666668,1.1868217433333332,81.74948628333334,,,44.5786666870117,7397.148467592367,4.614987312448279,,,61.21666666666667,,,,2.41,,158.6262748,42.53333333333333,,24.933333333333334,48.10366666666666,,5.7,4.256666819254556
TLA,97.95174489762103,,2.55097809000919,7.89131058782673,3.9335529183629334,49.85000303327613,59.1060391111111,,57.9163233498015,8593.008027645084,0.10106694900699136,,5652.3601679524,69.65682163446684,93.63272349039714,94.4874699910482,94.0483678181966,2.69285714285714,1.2102585789650633,104.15575751465268,16.873036922754434,98.23214213053387,28.174893854466365,19.189023285105666,4.96666666666667,6.09799467150664,8.01814166296929
TLS,88.99290211995442,,0.48000103935388966,7.309554736666667,4.1769881233333335,12.87814299,39.475883333333336,,64.2143325805664,1472.1885011506565,10.59983624793519,,811.1482354173044,67.47666666666667,64.2109375,71.8687210083008,68.0668334960938,,1.075496197896732,112.0836897,44.166666666666664,104.74753061930335,36.923076923076934,69.176,0.0,3.6666666666666665,4.58033339182536
TMN,96.33863457032494,,3.8347620504810265,5.915190754280668,2.76886680983597,52.51819946800729,53.235923611111104,,38.20787394622863,3583.9171694010097,-0.19983363195490286,,2431.275314064373,47.0155412877319,69.434331258138,82.50439453125004,75.97413126627605,2.51083333333333,2.9558314440565265,104.06736130315456,24.00364271262973,91.30164337158207,16.4915794074154,38.37731425376034,2.6111111111111103,4.103083501662456,10.890831335564066
TON,98.64419047037761,,1.53756379553855,5.005938686666666,2.99553529,13.877746903333334,61.47635333333333,,45.2683321634928,4848.90818298458,-0.6326075119268207,,,49.276666666666664,99.4750289916992,99.3509826660156,99.4143676757813,,,74.48676026666666,11.766666666666666,,7.407407407407409,76.885,10.0,3.8666666666666667,3.0646666685740134
TSA,93.60009885124187,,1.5196993381905468,3.075933852413897,0.9531390525062511,66.88664036270666,57.54206958333333,,47.36677297750873,1973.0477718511531,3.5074865039868364,,1169.8696524799334,53.798947305484496,64.3365147908529,80.63875834147137,72.71559143066403,2.51,2.50049117471081,86.28322937549376,40.89606919840244,90.16258239746098,18.339749861292898,65.7146177745559,5.5,11.1993942928233,5.053274611406157
TSS,46.86007234890156,,0.7439588880300017,4.99360313992333,2.0225055731095964,47.72329605530663,51.517515694444434,,62.619032899490264,1614.9016535134433,-0.06360181104570041,,1131.94419726762,68.34048210489607,58.69141642252607,72.13787587483728,65.32540130615233,2.44974358974359,1.01796260696906,80.50019847183903,76.35830290191082,69.74484761555989,24.07683734869923,59.46578567020186,5.14583333333333,6.997016981888284,6.568786842747791
TTO,100.0,,12.479513497160701,6.916565736666667,3.2351030533333334,53.155925749999994,61.204993333333334,,57.13199996948246,17128.47274928787,-0.732090280566004,,,68.63666666666667,,,,2.42,0.7012277355379251,150.71560466666668,17.366666666666664,,30.952380952381002,46.814,7.0,8.799999999999999,3.3936665852864603
TUN,99.93333435058594,,2.566535087549376,6.9126366,3.928553106666667,42.779788973333325,68.17896666666667,,39.74333190917966,3611.5956759461533,0.6186846835298834,,3067.9403011551935,51.53,,,,2.57,2.4141678415834167,126.772588,16.933333333333334,,25.49923195084483,30.849,3.0,3.266666666666667,15.240000089009598
TUR,100.0,1.4,4.837842836818283,4.270778973333333,3.320357166666667,22.260197956666662,76.27818666666667,42.1706085205078,46.2416648864746,9232.459592065623,0.1978783479975527,41.9,6972.583433414296,58.086666666666666,94.4240417480469,99.075309753418,96.7422103881836,3.15,2.6481833732472033,96.99188840666666,10.299999999999999,90.07377370198571,17.4496644295302,24.532333333333337,7.0,2.3666666666666667,12.743333498636867
TUV,99.48845926920573,,0.8617296560278377,22.319876986666667,17.058588983333333,2.7917329433333333,,,,4487.0022734910635,8.391114918538127,,,,,,,,,76.14038895,22.96666666666667,77.49990844726564,6.38888888888889,37.061,,,
TZA,36.78913243611654,,0.214120969146962,3.9363389000000004,1.5644019800000002,22.531158450000003,54.40536666666667,,81.99866739908857,1071.5361735026033,2.5979138945374967,40.5,619.866902669271,84.56333333333333,,,,,1.0302567259146533,80.55256679666667,51.03333333333333,66.73262278238933,36.990278593332064,65.74133333333333,5.0,4.266666666666667,2.21666661898295
UGA,41.50666554768876,,0.13396162310037332,3.8938682866666663,0.6109040366666667,41.81313451333333,59.449980000000004,,68.2786636352539,789.2574175370701,2.62875353094549,42.7,658.234420293414,71.01666666666667,70.8380584716797,82.6560134887695,76.5274963378906,2.58,1.5884092347146568,57.334579526666666,46.0,,34.6717388596947,75.83466666666668,5.0,4.533333333333333,1.9243332942326834
UKR,100.0,37.4,4.010983378739106,7.23902941,3.2832779100000002,53.87479909,69.83169,,51.5906677246094,3473.1581217447965,3.8679431999613203,26.433333333333337,1928.68884277344,66.62,,,,2.83,3.4124412690246433,129.6709112,8.466666666666667,,17.776960019031467,30.567333333333334,8.0,21.7,8.393333117167154
UMC,99.2851154114249,,6.394787613555997,5.801967091311414,3.2189128193726937,44.42602052717499,64.89600453333333,,61.9224354673996,9515.011776792448,3.7414256318887964,,4561.042956252986,72.63743232313223,94.23600769042967,96.93956502278648,95.58270772298177,2.71769230769231,1.7905409382241866,120.64298772334632,11.866666666666665,95.63149007161458,26.479617781891832,33.46511846037013,6.1866666666666665,8.936103373583746,5.926218463221656
URY,99.86666870117188,,1.8818704830161466,9.236739479999999,6.227425096666667,32.55963388666667,61.48271333333333,31.154116948445633,57.94566726684573,18026.630102609266,0.02972001256966893,39.7,,75.24666666666667,99.02608744303383,98.44441986083986,98.74818420410152,2.69,2.0845288789615997,130.26148976666664,6.8999999999999995,103.224647521973,19.528619528619533,4.604666666666667,4.0,21.2,8.700000127156576
USA,100.0,,14.856456288277867,16.740410486666665,8.507396376666668,49.180554709999996,83.85576999999999,89.8053588867188,59.79833348592126,64331.61753852584,2.0089093954071267,41.46666666666667,40991.4418057011,72.95333333333333,,,,3.89,3.3901363898142036,107.54999636666666,6.433333333333334,100.35693359375034,23.456684522473,17.608666666666664,11.0,15.966666666666669,3.7466667493184436
UZB,100.0,5.9,3.4546035700355335,5.512655736666667,2.2321164633333335,59.247066499999995,69.16998333333333,96.5006103515625,55.906333923339865,1721.6959895916,3.676610632166016,,2094.3697637344,65.21,99.99525451660156,99.99995676676433,99.99759419759117,2.58,3.5554825523167,91.31085062666666,15.133333333333335,104.75633494059234,16.0,49.552,6.0,8.200000000000001,5.84499994913737
VCT,100.0,,2.323440533793723,4.672001519999999,3.1182872466666667,32.07527605666667,57.05211333333333,,52.29133351643883,8161.15782270627,0.9352929197595369,,,74.23666666666666,,,,,,92.10519891333333,14.766666666666666,105.12580871582033,13.0434782608696,47.52466666666667,5.0,1.0,19.2466672261556
VEN,99.95494333902995,,4.151047966878493,5.22021389,2.7178734166666665,47.545087179999996,30.872056666666666,,51.53533299763999,,,,,63.23333333333333,,,,2.23,,67.11732072333334,24.2,,22.1556886227545,11.770666666666665,1.0,2.1333333333333333,5.071333408355713
VGB,100.0,,,,,,,,,,,,,,,,,,,132.45384370000002,,81.0965805053711,,52.01500000000001,,,
VIR,100.0,,,,,,,,45.14033381144204,37948.6414905551,2.7889197687752336,,24497.40702010113,71.89999999999999,,,,,,76.49792499,,,,4.205000000000006,,,12.454000155131032
VNM,99.60000101725261,,3.321920913843133,5.177933373333333,2.2314209933333333,55.93931961333334,69.36685666666666,31.9328708648682,74.19700113932294,3360.36873982349,6.134688766125571,35.7,,83.13000000000001,94.5656585693359,96.9906997680664,95.7538681030273,3.27,2.28456986005062,143.21633293333332,21.166666666666668,110.021209716797,26.7206477732794,63.60833333333333,8.0,7.533333333333334,1.7466666301091534
VUT,63.64496231079101,,0.7060234166787103,3.355690793333333,1.99153495,11.944663999999998,60.943000000000005,,68.06133270263673,3123.8004037473534,0.6324275403310937,32.3,1884.45887773235,70.56333333333333,86.7060928344727,88.3063507080078,87.5063095092773,,,87.59588868666667,25.833333333333332,89.7840194702148,0.0,74.646,11.0,18.033333333333335,1.80366667111715
WLD,89.86336704560586,,4.48315524133518,9.788805658794416,5.863960915050495,39.95416213338803,62.77737664921464,,57.27828050679164,11393.6774457047,1.7361218795322566,,6223.87426059322,66.52284506688899,82.92357126871742,89.8804448445638,86.40118153889973,2.86625,2.1750824832004736,106.193458637574,38.06666666666667,89.5558751424154,24.457028548226265,44.42575531009023,5.626527050610821,9.204533845023926,5.3678366637599995
WSM,99.46482340494794,,1.5076248095101166,6.066032883333333,4.398583333333334,11.409767786666668,62.071963333333336,,39.6736666361491,4277.747206213104,2.0388687103375336,,,46.50666666666666,99.2450408935547,98.9560928344727,99.0957717895508,,,45.40802290333334,17.533333333333335,107.50805409749334,10.0,81.88166666666667,9.0,12.6,8.49933338165283
XKX,100.0,3.2,,,,,72.47156,,,4405.42186894154,4.51051035265444,,3460.7879995681765,,,,,,0.8167408025798243,,,,,,11.0,,
YEM,69.16738382975261,,0.36744504123991034,,,,31.399623333333334,,32.241334279378236,753.085038560182,-1.135636474707648,,,39.32333333333333,,,,2.27,,52.72835882666667,61.53333333333333,,0.22148394241417468,62.93733333333333,0.0,5.833333333333333,13.085666656494167
ZAF,84.89999898274739,,7.51038359647992,9.025669096666666,5.260273296666667,40.61490758,66.91114,69.6973876953125,39.795333862304666,6751.5397141754665,-0.7597204682801509,,3999.4195807607534,60.07333333333333,94.5331726074219,95.5453720092773,95.0229721069336,3.38,0.9803587308071621,163.71018033333334,33.300000000000004,91.44782511393231,45.1477685696156,33.311,5.0,23.7,27.9499994913737
ZMB,42.10596338907877,9.6,0.4023077448103263,5.219040233333333,2.0737582833333335,16.35124842,66.52821999999999,,64.95999908447267,1375.4568109551135,-0.6182317894407067,,,75.18666666666667,83.0834426879883,90.6011810302734,86.7479629516602,2.53,1.2827371319409133,93.99528926333333,64.53333333333333,,17.9640718562874,56.11166666666666,11.0,7.566666666666666,12.350000381469734
ZWE,46.378532409668,,0.821122769299678,8.029064053333334,1.83315816,49.46581557333334,53.14956,,80.41533152262367,1296.04119293392,-3.860362549673097,50.3,871.631669056995,83.97666666666667,,,,2.12,0.8733323043883621,89.86981607666667,54.4,89.73759206136066,31.728395061728435,67.79033333333335,5.666666666666667,14.066666666666668,4.820666790008546
